GHG,Site_EUI
290.2,73.7
76.4,51.3
145.5,44.9
304.6,91.3
167.9,76.3
554.6,76.2
503.9,74.2
338.9,78.8
233.4,71.7
305.7,77.2
369.2,61.9
589.8,78.8
513.3,70.5
83.6,123.2
123.8,97.7
337.5,114.0
204.1,72.4
145.1,91.9
197.0,152.0
451.9,120.5
93.9,88.4
271.8,84.6
173.4,98.1
184.9,85.8
253.6,105.9
482.1,70.2
114.6,41.1
79.8,93.6
345.4,123.8
333.9,62.9
108.6,80.2
139.3,49.9
299.9,95.8
58.4,35.8
134.6,64.2
498.4,71.1
312.0,76.1
221.1,110.5
137.5,48.9
177.4,84.0
104.3,41.0
221.7,20.2
293.4,94.0
237.5,76.5
326.3,68.5
102.3,73.8
315.3,65.8
402.1,35.0
483.0,86.7
125.3,81.4
348.5,68.5
294.6,66.0
261.0,56.0
307.1,69.0
78.8,63.6
161.4,60.2
448.3,91.5
532.7,99.0
486.0,174.1
128.4,74.5
251.9,73.3
133.1,61.8
180.3,54.7
216.4,90.9
533.5,149.0
221.3,63.5
277.4,71.4
139.3,137.2
370.2,80.9
502.8,97.2
190.7,85.5
99.0,59.1
247.3,101.4
212.8,83.9
253.9,84.6
112.1,57.9
113.2,100.9
393.1,86.0
128.2,67.2
375.1,108.9
280.9,112.3
105.3,70.1
87.1,56.9
224.9,59.6
231.4,91.8
174.2,64.0
270.8,67.2
97.2,55.7
207.6,78.8
504.7,86.9
207.9,121.5
266.4,73.9
101.0,66.1
154.1,79.2
264.0,48.2
275.1,75.1
280.2,93.6
160.7,82.6
284.6,75.6
162.2,80.5
165.5,59.2
282.9,48.2
282.9,75.7
287.3,78.1
112.1,88.6
242.6,61.3
179.2,61.0
109.7,73.9
89.2,56.3
234.9,90.1
363.7,56.7
245.8,75.1
325.7,89.3
78.3,71.9
350.7,157.2
296.5,92.9
282.1,108.7
453.1,121.7
94.8,28.1
287.0,114.6
236.2,85.0
145.9,81.8
177.0,82.5
480.9,95.8
577.1,61.7
190.3,102.1
311.3,82.1
307.4,64.2
60.0,50.8
526.2,63.7
336.9,98.2
91.8,51.8
204.7,81.1
117.2,54.8
192.0,57.7
320.0,102.7
200.5,96.7
599.0,114.4
257.6,62.4
304.8,127.9
333.2,81.3
69.6,80.7
269.8,81.0
187.2,83.3
298.6,96.1
578.5,95.2
144.5,94.9
543.2,111.6
298.2,64.8
584.1,81.0
118.8,57.4
169.7,78.6
240.5,68.7
177.2,68.3
503.0,78.2
149.5,76.6
93.6,61.9
273.3,96.4
400.8,128.0
341.0,67.1
145.1,43.2
351.9,96.8
254.6,63.6
322.5,51.8
186.8,97.4
238.7,115.1
91.5,67.1
336.5,70.5
366.7,102.2
170.3,95.4
370.6,84.3
278.1,76.4
177.1,68.1
522.2,80.8
170.6,97.3
192.9,76.3
448.9,98.2
336.5,97.0
92.2,49.3
224.9,50.1
135.3,50.5
141.5,41.4
503.3,68.0
151.0,67.0
598.3,160.2
151.3,66.5
138.0,67.3
156.3,50.1
318.2,96.0
112.3,56.0
180.5,56.2
112.9,55.0
322.2,94.7
61.1,47.6
277.1,79.6
157.8,39.7
220.5,84.0
180.9,138.7
145.5,60.9
93.9,75.0
335.7,68.7
115.9,48.7
360.1,58.4
267.5,69.3
323.6,86.8
311.0,83.4
139.5,77.4
324.0,100.1
127.2,89.1
184.2,93.5
201.7,79.8
406.2,78.9
373.7,69.1
64.1,36.0
181.3,77.1
224.5,91.8
350.7,101.4
307.0,88.5
282.5,77.1
268.3,95.6
136.1,79.5
502.5,85.5
438.8,102.4
82.8,71.9
59.7,24.7
203.9,36.2
229.9,83.8
251.3,124.9
518.2,103.9
500.7,84.2
288.2,56.9
578.6,87.2
154.3,52.2
218.0,114.7
178.6,101.3
482.4,109.4
242.4,108.1
118.3,32.8
563.5,74.9
355.0,67.5
107.7,39.7
336.3,82.1
358.8,95.7
223.3,63.8
183.7,82.1
320.7,70.7
241.8,64.1
371.5,181.5
314.2,77.6
595.7,98.9
200.4,80.1
328.2,68.8
271.3,143.7
118.3,84.4
386.0,136.8
262.9,96.6
329.2,40.6
135.6,58.6
503.6,93.5
361.6,78.7
162.3,73.8
264.6,62.2
428.7,82.8
346.2,71.9
271.2,71.1
269.8,92.1
359.7,66.6
196.7,105.5
569.8,59.8
247.8,51.1
335.0,56.5
182.1,77.8
415.1,112.9
189.5,87.3
490.3,93.0
150.1,55.2
390.3,86.3
81.1,39.0
272.1,109.5
292.2,83.2
478.7,74.6
73.0,37.1
228.3,89.3
380.3,90.1
337.8,97.4
480.1,109.7
596.8,125.2
190.5,54.7
331.2,56.8
331.8,71.4
434.2,113.4
69.8,44.9
566.8,99.9
592.2,75.4
303.6,92.1
130.2,113.3
219.1,68.0
154.1,97.5
254.3,73.3
181.9,71.1
84.9,53.8
546.7,98.6
173.2,82.8
316.5,73.1
210.9,76.9
233.7,113.0
439.4,122.4
377.8,63.4
134.7,70.1
171.5,78.5
229.1,96.4
394.3,145.1
135.2,57.0
114.0,43.3
197.4,53.8
187.4,73.2
396.3,76.8
150.1,85.7
385.2,87.2
289.3,62.9
397.2,85.6
310.4,110.4
234.7,64.4
197.0,67.0
258.1,76.9
182.0,54.4
121.2,67.3
211.7,125.4
66.2,62.0
86.6,73.3
200.4,68.6
70.3,33.1
210.9,49.4
365.5,56.5
185.7,154.6
72.3,65.2
133.7,69.8
213.1,153.6
162.9,54.9
139.7,69.8
175.8,67.0
101.8,62.4
306.5,101.4
82.9,56.0
249.0,92.1
144.7,61.7
355.4,57.4
407.8,99.3
236.8,93.8
536.3,73.0
309.8,110.3
149.0,60.8
268.9,57.7
117.7,110.4
202.5,81.9
278.9,82.1
475.1,102.5
249.8,80.0
408.7,59.8
291.8,120.6
156.7,75.1
179.0,58.0
531.3,67.3
231.1,77.9
170.7,80.1
283.4,77.5
165.8,81.0
256.8,14.6
158.5,72.7
417.1,112.2
368.9,75.5
409.9,147.2
514.5,65.0
279.4,68.8
279.9,93.7
99.5,57.3
212.3,70.8
111.6,86.7
166.7,59.7
396.4,89.3
167.3,46.0
589.0,112.3
231.8,83.2
169.9,115.3
306.8,106.2
349.3,74.1
231.9,68.1
263.3,80.8
245.8,71.5
209.8,75.5
350.8,88.5
114.3,34.0
425.1,87.8
317.4,38.6
227.4,58.2
149.7,113.7
256.2,96.1
530.8,72.1
164.5,52.5
273.5,66.7
476.2,62.0
174.9,55.9
226.7,86.4
331.0,88.2
320.5,57.3
213.0,86.7
208.4,77.7
504.6,65.9
466.3,186.0
246.3,85.9
260.6,81.2
325.6,89.8
113.5,61.5
73.7,63.2
106.0,68.2
77.6,37.3
312.4,68.0
271.0,75.1
220.4,66.3
212.2,62.9
235.6,48.5
86.5,75.9
217.2,75.8
536.7,125.9
215.9,71.2
155.9,86.7
93.4,85.1
287.5,64.2
122.0,52.7
165.4,59.3
121.0,46.1
523.9,88.0
517.7,86.2
178.9,76.3
184.8,59.7
437.7,129.8
204.8,61.3
139.8,67.3
168.8,57.9
146.0,49.6
312.3,64.1
400.3,100.2
175.7,59.9
430.1,62.7
125.4,62.8
148.9,43.1
359.6,79.8
160.8,75.2
251.0,79.0
223.4,85.6
376.8,105.0
120.6,54.7
78.3,56.7
229.6,72.5
221.9,90.0
139.5,72.5
118.1,78.9
258.0,78.2
132.1,58.8
159.5,52.1
158.2,47.1
121.9,55.1
168.4,48.8
246.0,105.1
345.0,77.5
205.8,72.7
440.5,63.0
583.7,61.5
306.8,92.1
526.5,107.2
340.3,51.1
271.8,67.2
88.8,71.2
432.6,121.1
289.3,78.1
302.6,73.0
88.0,34.1
296.3,88.5
330.3,117.0
121.2,60.3
201.0,86.2
387.3,101.6
114.1,60.3
311.3,76.4
59.1,34.9
400.0,68.1
399.4,75.6
425.4,159.6
250.1,78.8
276.2,93.2
153.7,82.9
282.0,96.5
412.0,91.7
385.6,78.3
96.8,8.6
66.7,65.1
240.0,66.3
526.1,84.1
154.1,63.5
324.9,56.8
376.3,84.3
133.4,48.8
211.2,71.1
103.0,98.8
312.4,81.1
213.6,76.3
441.2,60.8
532.1,93.3
463.9,64.9
346.0,88.6
224.5,114.0
348.8,70.8
539.0,72.8
593.6,89.8
368.9,141.1
68.2,31.3
505.0,58.5
264.2,70.1
466.1,92.8
276.7,77.6
311.4,81.8
276.5,52.4
337.5,70.1
444.4,77.6
252.2,68.8
481.3,85.2
479.7,103.6
136.3,66.2
386.8,62.3
319.9,74.0
308.1,110.5
263.2,103.8
254.1,95.5
499.4,96.7
360.8,58.0
144.3,52.0
483.8,84.7
329.8,62.5
134.1,55.3
315.7,72.0
210.3,35.2
544.6,105.8
572.9,95.6
326.4,54.1
340.6,77.2
348.3,120.5
61.2,64.9
275.8,113.6
301.9,62.9
180.8,79.6
262.5,67.3
248.0,127.3
316.9,92.3
529.5,126.3
230.3,78.8
519.2,70.8
379.6,83.1
386.7,82.8
481.9,74.5
216.9,56.1
295.8,70.5
291.5,73.4
351.7,68.8
217.6,78.0
291.9,64.9
337.1,62.0
192.9,128.6
276.0,119.0
401.2,79.8
547.8,89.0
189.1,78.9
182.0,52.2
331.9,117.6
119.8,36.2
423.4,69.2
211.8,52.6
355.1,78.2
585.9,73.3
457.8,85.0
429.3,89.4
510.6,100.7
113.0,45.0
228.7,105.2
530.6,79.6
396.3,90.5
371.1,87.4
87.3,43.1
54.7,105.3
156.4,63.2
498.7,90.0
150.4,75.5
239.7,58.3
139.3,90.1
107.0,40.3
226.6,69.6
312.2,77.8
224.6,67.3
231.8,61.9
150.3,55.9
399.4,82.4
184.8,59.3
540.2,70.9
170.6,78.2
163.0,50.0
52.6,31.8
327.5,55.0
63.9,42.1
314.0,122.0
103.3,98.1
238.4,99.1
140.9,68.5
91.0,101.9
63.8,104.4
352.0,123.8
409.2,60.9
524.8,73.1
477.6,78.2
204.0,94.0
304.6,59.7
375.6,76.9
301.5,81.0
531.4,145.1
353.5,136.0
63.2,19.6
374.2,63.4
266.2,92.1
250.6,61.1
378.5,129.6
428.7,81.0
256.4,69.3
265.7,93.6
272.5,50.6
241.2,62.2
436.2,121.7
254.7,88.4
582.5,73.9
443.2,110.8
71.7,86.1
594.0,117.5
504.8,98.0
288.0,73.5
321.6,81.2
200.8,103.3
442.6,78.1
583.5,72.9
264.8,108.5
565.9,97.8
154.6,85.2
265.4,75.3
311.8,108.1
182.1,112.7
176.7,56.8
58.9,118.7
341.8,74.6
160.9,63.8
261.4,80.0
325.0,90.9
113.0,39.1
426.1,141.8
374.7,94.3
165.2,60.0
311.9,97.5
595.0,54.2
178.7,130.3
295.6,80.3
235.7,94.4
249.8,70.1
203.2,65.9
342.5,50.0
526.9,96.1
103.2,72.8
359.1,133.0
446.7,79.4
212.1,53.1
75.8,61.0
548.5,100.3
217.7,66.4
534.2,65.3
246.7,66.2
487.8,65.5
250.9,84.7
114.2,65.3
120.2,62.1
229.3,75.5
130.6,57.4
68.5,52.6
242.1,80.2
462.7,81.1
157.9,63.2
524.2,132.4
137.1,4.3
154.7,109.5
566.3,72.4
90.1,33.1
201.2,170.9
472.0,52.1
189.0,111.2
154.4,31.8
189.5,34.9
455.2,111.8
343.1,65.2
281.6,62.2
126.0,41.0
271.3,67.4
343.8,75.3
120.4,61.8
295.3,73.0
222.2,66.7
565.4,79.6
497.2,76.9
514.7,67.6
299.9,81.6
266.4,76.9
253.5,78.6
364.1,85.5
561.9,82.1
470.6,84.4
405.1,71.0
190.7,79.6
441.6,88.4
550.5,96.3
494.9,110.8
103.4,62.0
388.4,84.0
335.4,60.3
360.6,49.7
228.5,65.2
383.5,58.5
265.4,53.9
347.9,89.0
446.1,79.0
570.5,113.4
202.6,74.1
419.7,131.5
493.7,136.1
189.6,81.3
256.5,88.6
498.8,74.0
495.2,66.9
345.7,77.3
228.1,64.9
222.4,109.1
207.1,87.6
343.3,94.5
220.4,105.6
110.0,70.2
478.2,67.5
320.6,76.1
478.2,69.5
337.1,85.0
506.4,88.1
325.8,91.1
328.1,76.4
173.8,75.9
460.0,97.6
279.8,78.0
282.6,64.9
330.7,66.7
177.8,63.0
529.8,76.2
257.8,96.2
61.1,93.9
599.1,88.4
232.8,64.2
224.8,125.7
66.8,69.1
64.7,64.5
62.8,76.1
100.1,69.7
61.6,66.0
526.2,86.0
510.2,85.6
307.9,74.5
260.9,70.3
505.7,53.1
332.8,86.1
432.2,89.2
500.6,79.4
201.8,104.6
357.2,110.3
360.3,76.4
493.5,61.9
235.3,37.4
428.2,72.1
379.4,71.4
261.8,66.1
351.7,111.5
70.1,28.6
271.1,88.1
551.4,61.8
555.1,92.4
134.2,58.4
556.5,64.4
327.0,74.5
517.3,77.1
268.2,70.6
229.5,90.0
296.1,71.7
68.2,61.6
59.7,69.4
52.7,63.6
78.8,72.4
240.4,47.0
270.9,62.0
397.7,66.0
143.2,59.8
423.2,45.1
316.1,68.8
369.3,45.5
419.7,69.9
360.6,72.9
274.3,73.9
477.0,49.0
419.2,81.5
520.4,75.7
170.3,63.8
401.2,55.3
348.4,65.7
268.8,69.8
258.6,68.3
416.2,99.8
335.8,70.9
205.5,54.4
193.9,60.5
266.8,79.2
425.9,67.4
507.3,53.9
206.9,76.8
532.1,96.8
293.7,56.6
312.1,65.2
178.6,59.0
124.1,28.2
125.2,33.2
438.3,103.1
521.9,79.0
364.8,63.3
460.0,68.7
557.4,58.9
148.8,37.0
550.7,59.2
468.7,67.1
509.0,64.2
206.5,79.8
441.6,69.7
339.5,59.1
503.1,92.6
55.4,74.1
91.5,31.1
584.5,60.5
552.5,61.6
205.1,51.0
443.5,48.6
544.8,74.3
282.5,67.2
146.2,77.8
433.4,79.7
466.5,78.5
172.1,72.4
375.0,81.6
357.0,107.5
187.5,74.2
265.7,59.1
195.2,54.1
462.2,73.2
178.4,70.0
226.3,61.1
374.9,76.1
337.5,99.6
424.3,101.9
247.5,65.1
385.2,137.6
230.9,77.5
517.1,120.2
171.3,36.5
338.9,85.8
277.4,65.7
153.5,66.3
398.1,71.6
261.2,97.1
279.6,59.4
227.0,61.9
394.0,67.3
160.9,36.2
554.2,78.8
154.1,60.6
403.1,67.1
156.4,39.3
265.2,62.0
585.5,96.3
187.5,90.4
99.9,128.0
296.0,75.0
366.5,49.9
263.2,69.9
328.8,71.6
276.4,80.9
224.0,59.9
259.6,69.4
362.3,72.9
442.5,82.5
336.1,82.1
480.1,91.1
173.9,47.2
248.3,61.8
404.3,60.8
340.0,65.7
353.5,104.2
384.6,95.7
232.6,58.8
486.7,114.0
579.9,92.5
255.9,68.7
290.3,71.6
537.0,73.8
160.2,51.3
452.6,124.5
422.2,66.2
230.5,73.9
168.2,53.8
293.2,74.6
260.9,78.7
341.0,89.9
520.6,60.3
268.3,144.7
399.4,104.8
326.7,76.9
514.2,67.9
394.5,77.0
502.5,114.0
429.3,71.8
345.6,52.3
592.2,92.9
489.3,69.7
414.4,54.9
439.2,70.1
590.5,73.0
485.0,121.8
369.4,90.1
323.6,80.3
194.8,79.6
295.9,114.7
121.1,59.8
548.9,77.4
329.6,48.8
209.9,104.3
410.4,74.5
352.9,70.6
234.1,76.8
580.9,98.5
360.3,57.5
506.8,79.7
458.8,60.4
275.0,55.7
368.9,64.7
464.6,104.9
166.9,63.6
561.9,139.1
510.4,63.2
559.6,71.2
269.6,49.4
199.0,55.4
510.2,58.3
263.2,82.3
389.9,66.2
358.4,61.0
510.6,109.1
226.0,56.8
276.1,95.5
419.4,78.3
343.9,56.8
189.6,77.3
369.8,43.1
348.4,67.9
447.8,49.7
455.6,74.7
584.0,67.8
367.3,77.4
193.8,74.9
322.0,85.4
322.8,100.9
493.5,39.7
513.6,51.4
466.5,79.0
484.2,52.0
221.8,95.3
497.0,94.5
436.4,93.4
334.7,72.6
541.5,92.8
351.5,83.0
373.4,76.0
466.5,68.7
581.0,71.5
290.8,88.1
431.3,51.5
344.3,110.0
209.2,57.4
104.7,99.4
353.9,113.7
409.7,105.6
230.8,87.5
352.6,71.3
256.5,186.4
401.7,148.0
77.3,85.6
378.7,67.6
557.5,152.7
146.2,55.7
268.2,144.2
478.2,116.2
281.1,81.1
380.1,49.3
79.3,78.3
236.4,73.2
432.0,70.2
329.2,88.6
144.4,103.2
466.5,111.2
191.8,48.5
311.0,87.9
251.3,59.5
376.3,90.8
349.8,78.8
557.2,80.5
289.8,63.1
532.4,95.3
504.8,76.5
317.6,80.6
81.7,42.6
378.9,65.8
520.6,96.3
368.8,82.9
300.6,46.9
519.1,52.2
317.2,72.4
544.3,55.6
345.7,119.8
523.5,130.4
400.2,104.3
469.1,92.3
364.5,80.9
333.3,77.2
465.8,107.1
522.7,145.1
308.2,70.9
562.2,96.9
283.2,88.4
302.4,102.4
302.8,111.0
249.7,69.9
199.6,44.4
376.1,113.7
182.5,62.0
250.9,88.8
66.0,86.4
223.0,94.3
354.7,62.1
278.8,69.5
62.1,57.7
195.3,60.0
379.6,105.4
366.6,70.5
341.6,61.1
237.6,59.0
344.4,36.5
294.2,61.4
322.7,86.8
310.4,53.4
277.2,71.6
312.4,64.1
323.6,94.9
324.7,93.0
324.3,79.9
327.4,46.3
54.7,76.0
374.2,76.8
445.7,93.4
398.8,68.5
422.5,78.2
453.1,83.0
265.1,75.4
474.6,73.5
395.8,71.8
557.3,95.9
478.0,61.5
202.1,51.8
462.5,75.1
447.9,31.7
425.6,91.0
72.2,56.1
396.1,78.3
260.7,72.9
323.2,147.9
571.4,58.8
61.9,43.6
419.3,57.5
132.4,131.7
220.3,67.6
294.7,69.5
464.7,90.3
390.8,67.1
101.4,46.6
329.1,85.0
294.8,96.5
441.9,99.8
558.7,72.8
111.8,56.5
293.9,80.3
578.6,45.4
301.0,72.2
220.8,67.0
194.8,88.9
162.6,87.2
399.8,70.2
538.7,87.0
245.9,42.8
379.1,86.1
209.6,58.8
280.4,67.1
176.9,75.9
277.2,57.2
543.8,64.0
227.4,71.9
482.8,60.9
363.6,69.4
119.8,18.8
429.7,57.1
202.0,80.4
197.2,82.8
358.5,71.3
131.4,59.4
544.7,86.5
535.1,65.3
553.1,58.1
286.3,85.5
192.9,81.5
369.8,86.5
122.5,77.7
261.5,72.3
166.9,79.7
467.8,66.9
403.5,75.1
71.9,42.6
321.8,103.4
290.8,89.2
329.9,85.6
75.5,81.2
143.3,40.5
284.7,72.9
396.8,88.1
254.4,99.8
343.6,71.9
329.0,83.2
250.8,73.8
524.6,127.8
541.2,64.5
353.5,59.1
399.1,75.9
425.1,79.2
588.4,64.4
398.9,105.5
578.1,89.3
478.2,55.5
343.7,67.6
302.6,72.7
238.2,63.8
548.3,85.0
282.6,73.8
493.0,102.7
430.0,70.7
201.7,83.6
484.0,85.8
312.1,153.9
276.4,97.6
260.4,72.1
591.2,99.6
498.3,89.4
136.9,81.7
483.8,69.6
583.0,86.4
496.2,73.3
149.0,85.8
235.1,86.1
277.8,87.0
391.2,96.5
245.5,76.4
260.7,72.0
209.0,73.3
448.2,55.2
161.7,69.5
374.4,106.0
465.3,72.3
343.3,49.4
406.7,87.1
300.4,85.4
434.8,78.3
388.2,54.9
509.8,91.7
270.1,51.0
58.8,34.4
520.2,67.8
299.0,64.1
243.1,112.4
68.7,136.1
312.6,56.9
312.6,95.8
456.5,72.4
453.8,83.8
516.0,66.7
401.1,44.0
456.4,81.7
317.4,78.1
58.7,29.1
411.8,79.8
437.8,77.7
354.8,81.6
436.2,105.6
524.3,94.7
167.7,109.1
359.9,82.5
513.7,108.3
379.9,79.9
325.1,69.0
171.0,67.5
108.1,51.9
374.0,91.2
483.3,157.2
406.8,91.5
469.6,88.1
299.5,47.5
153.5,61.8
148.6,95.1
264.9,103.7
321.3,71.5
566.6,89.0
208.8,81.4
305.6,85.3
86.8,88.2
360.3,35.8
387.7,64.2
390.1,99.5
157.8,57.6
480.8,98.8
201.0,67.8
81.7,47.2
304.7,74.8
466.5,83.3
187.1,70.2
250.1,41.9
344.2,89.0
72.1,42.6
376.0,60.8
581.9,76.3
391.5,76.6
211.1,64.0
473.1,86.8
334.4,83.2
526.5,86.7
178.3,75.7
339.9,56.6
121.1,66.6
264.7,83.8
421.7,53.0
106.6,95.1
119.2,33.4
103.1,92.4
208.0,101.3
571.6,89.2
392.1,41.6
372.5,47.6
348.3,56.8
368.0,51.4
458.4,97.0
259.0,64.9
99.1,63.3
548.1,60.4
252.7,92.3
594.5,96.5
236.5,87.4
413.7,73.7
368.5,78.9
396.3,64.6
407.1,65.7
243.7,78.4
395.2,121.4
218.7,100.9
230.3,83.3
345.3,68.5
532.3,106.6
161.9,40.8
256.6,81.8
366.9,68.3
555.4,102.3
159.6,82.9
311.6,76.4
271.3,72.3
408.1,99.6
224.3,63.6
320.7,72.6
485.0,73.8
297.3,52.9
410.8,62.5
90.1,44.7
410.4,66.9
129.9,37.9
180.6,79.3
215.6,63.7
514.1,73.4
478.8,96.1
168.7,58.2
462.3,66.4
533.7,65.1
284.4,72.9
399.4,85.5
560.3,59.7
469.3,69.7
509.8,60.0
575.6,71.1
367.2,104.6
242.7,77.6
151.5,76.1
543.9,62.8
438.7,85.2
364.8,80.5
401.2,44.8
472.9,71.8
100.3,36.6
160.3,76.1
197.1,51.0
472.8,64.9
144.1,31.0
501.9,66.2
449.6,70.7
418.3,55.7
215.4,87.3
265.6,86.4
373.0,82.4
322.1,60.7
417.6,86.0
205.5,60.4
248.2,36.1
367.8,71.3
534.4,75.5
555.5,79.3
336.3,85.3
252.3,58.2
410.9,87.0
263.4,70.2
281.4,77.1
555.8,89.4
58.2,70.6
540.9,87.8
311.0,89.9
418.3,93.7
160.0,77.4
471.1,72.1
486.4,50.3
249.1,68.5
455.0,62.0
288.2,115.2
332.9,83.0
279.7,75.5
511.3,93.5
406.4,71.5
221.1,75.3
395.2,111.8
213.9,51.6
279.2,91.3
321.6,96.8
361.7,89.7
267.3,91.7
255.0,74.6
222.1,92.3
359.9,82.4
239.8,75.5
283.1,65.2
274.2,75.2
478.6,151.0
513.5,72.4
198.4,29.7
236.4,78.6
472.7,102.1
86.9,60.4
284.8,59.6
472.1,86.2
318.8,56.5
334.3,70.3
227.4,79.1
85.9,51.3
387.2,69.3
157.0,99.1
236.0,38.0
171.1,59.6
322.4,108.7
172.8,31.1
385.9,91.0
555.7,54.0
331.4,56.3
154.3,72.6
200.7,74.5
528.4,77.9
137.7,61.8
454.0,52.6
380.8,83.8
238.6,84.7
298.5,79.5
589.6,101.4
456.8,63.9
108.8,30.7
317.3,71.7
338.2,87.2
395.4,97.1
449.7,131.7
157.6,106.2
190.4,62.0
454.7,55.4
290.0,95.8
408.1,83.4
498.9,118.0
238.7,59.7
426.7,107.3
297.4,75.1
392.5,106.1
299.8,71.1
228.4,18.5
505.1,85.3
389.7,71.8
134.4,81.8
572.4,77.6
290.8,71.7
452.2,77.4
255.7,76.5
295.8,99.1
119.9,56.3
220.5,74.3
189.2,147.7
386.8,71.0
207.4,106.8
393.6,61.7
204.4,47.3
261.2,65.5
392.5,80.8
433.0,137.3
226.1,95.0
477.0,94.6
212.4,70.8
392.5,100.7
207.8,82.6
156.9,38.7
460.1,80.6
387.9,59.1
131.4,42.1
248.8,72.6
227.4,70.5
402.3,47.1
464.5,128.1
145.4,59.5
149.9,65.8
530.7,101.3
311.2,84.5
142.4,50.9
407.4,82.0
452.1,76.6
331.3,51.8
222.3,56.9
377.7,113.2
140.9,64.9
523.5,77.9
409.2,56.0
302.1,56.3
476.0,63.9
340.1,95.8
102.8,46.6
225.2,88.1
599.3,89.1
261.2,98.7
253.5,73.8
339.0,61.7
322.4,56.9
92.5,32.0
362.0,72.9
245.4,67.7
573.4,105.1
318.8,76.1
255.3,64.7
238.4,79.9
174.0,60.7
450.8,88.5
303.7,80.7
416.9,78.5
82.7,45.5
287.8,76.1
440.8,121.9
251.4,79.7
396.3,77.2
457.7,77.5
453.1,102.1
297.7,67.3
378.0,60.5
382.9,91.4
334.3,90.4
284.5,50.8
426.3,80.3
456.9,72.7
326.7,66.5
290.7,72.6
261.3,72.6
133.8,18.7
237.0,73.5
422.3,63.7
74.0,23.5
82.5,35.9
439.6,79.9
293.4,80.8
402.4,132.8
288.9,107.2
303.8,119.5
440.8,110.5
548.4,80.5
288.9,78.8
455.1,161.7
196.3,86.1
277.3,91.2
409.0,74.5
466.4,115.7
302.7,84.6
195.4,71.3
219.2,92.5
444.6,104.8
515.9,87.9
306.4,103.5
195.9,82.3
224.1,81.5
203.4,94.8
187.8,78.3
295.1,96.2
103.8,57.3
162.4,76.8
552.5,86.9
245.6,81.5
293.3,126.5
236.2,113.2
515.3,63.5
444.5,61.1
140.4,75.6
275.9,81.4
501.2,108.2
369.3,110.8
183.0,85.5
408.9,86.1
312.8,61.8
296.5,104.5
197.8,80.8
183.3,19.9
354.8,73.6
269.4,46.9
334.7,75.7
509.5,88.7
456.9,74.4
587.2,87.3
390.9,132.7
231.9,86.0
201.7,93.6
252.3,97.1
166.3,66.9
573.7,102.6
591.1,100.2
108.7,53.3
257.6,60.8
547.6,79.8
386.6,108.4
275.5,80.2
221.4,75.4
108.2,61.7
326.0,56.2
205.4,95.0
171.9,67.0
282.5,64.8
285.3,113.6
316.0,99.2
234.5,59.1
449.0,122.1
240.9,96.4
515.8,105.3
256.2,85.0
129.7,60.8
243.8,73.0
505.9,87.5
140.2,70.5
55.7,31.9
307.2,77.6
441.2,98.3
247.5,72.3
139.0,70.5
247.7,59.6
485.4,121.4
521.1,80.3
365.8,78.9
436.5,60.8
322.9,61.8
338.5,77.4
566.1,91.0
394.3,91.0
347.9,86.4
418.8,81.1
424.2,119.2
277.6,63.4
181.3,88.6
473.9,118.2
102.7,38.2
227.6,49.7
359.8,101.6
352.9,66.9
501.5,63.3
453.4,47.6
425.2,55.9
250.0,86.3
374.9,70.6
441.3,56.8
109.7,30.3
217.9,61.9
230.2,64.9
272.3,108.5
122.7,29.6
505.0,82.6
547.2,171.8
494.2,121.0
457.2,93.8
196.6,73.9
211.5,87.2
299.2,81.5
442.5,78.1
455.0,77.2
524.0,152.3
468.9,106.6
555.9,89.0
442.2,92.1
223.4,63.1
479.7,75.3
244.0,64.3
535.8,120.9
305.5,92.1
445.2,67.4
261.5,69.6
399.4,99.5
426.6,127.9
544.0,81.5
263.7,41.7
400.6,57.1
311.3,60.0
417.0,65.2
594.8,60.5
314.0,65.6
324.7,57.7
333.0,58.7
384.2,99.4
565.3,52.4
139.0,41.0
495.9,94.1
239.9,173.7
454.9,99.9
417.3,104.3
215.8,61.0
225.3,83.3
574.9,79.8
373.9,94.8
230.1,67.0
387.9,69.9
212.3,96.8
259.9,84.8
194.6,70.8
354.4,75.4
273.9,144.1
232.3,84.5
507.9,91.8
493.3,67.1
174.5,68.7
96.1,41.2
300.5,46.4
427.6,115.8
387.5,58.0
299.8,48.4
386.9,89.4
439.3,50.1
545.0,96.5
188.1,63.7
325.4,64.8
506.6,86.7
519.0,74.4
256.6,75.6
455.6,61.0
455.0,63.8
395.7,50.6
501.4,80.1
311.5,131.5
527.9,60.4
383.8,62.1
512.9,84.2
485.1,55.4
529.4,58.9
542.6,72.0
548.0,59.7
395.7,94.4
456.4,66.6
425.2,71.1
415.7,52.2
455.9,60.6
575.3,55.6
339.4,85.0
263.2,79.0
484.6,82.0
489.9,63.9
273.4,50.4
357.2,66.5
379.3,72.2
347.3,60.9
251.0,66.5
203.9,64.4
333.5,75.4
392.8,107.5
563.9,65.6
529.1,23.8
571.4,88.1
395.7,53.4
403.4,64.0
360.7,62.6
317.3,56.9
277.2,60.8
259.0,57.8
332.8,85.3
66.2,51.4
78.7,23.1
288.9,89.2
339.1,138.4
378.2,137.1
162.0,68.2
359.8,93.5
170.5,103.1
407.7,91.2
184.3,70.8
372.4,79.1
122.5,41.4
234.3,84.3
232.3,99.3
410.0,85.9
237.2,90.7
292.8,86.9
266.4,78.6
504.8,68.2
382.9,88.7
241.2,87.2
172.4,79.5
417.7,108.2
164.1,49.9
370.0,109.1
288.5,76.4
317.5,66.9
506.6,101.0
426.5,56.7
238.3,95.7
286.7,66.9
283.0,74.9
203.5,70.1
379.3,120.2
383.7,85.7
231.4,63.1
66.8,32.5
257.0,83.6
242.2,69.1
218.7,78.3
259.9,43.4
163.8,48.2
107.4,46.9
350.3,79.4
386.1,62.1
95.2,34.5
281.1,70.2
393.4,120.6
55.5,23.9
217.7,62.7
283.0,79.3
585.9,128.8
374.3,96.1
414.0,92.1
210.4,66.8
452.2,92.1
141.8,58.6
279.9,105.0
580.3,157.0
360.5,129.3
292.0,88.4
114.7,41.5
535.9,185.7
306.3,97.6
375.1,99.6
197.7,72.2
312.8,88.6
517.6,79.6
352.0,118.0
307.2,118.5
206.7,76.9
412.5,90.2
416.7,97.8
337.7,87.3
206.5,76.5
224.3,72.9
515.1,141.4
399.7,141.4
452.1,178.9
481.0,100.3
271.7,103.5
298.4,95.4
487.1,114.9
234.9,77.8
236.6,83.7
150.6,37.5
403.2,104.0
263.7,93.4
507.9,133.6
230.2,96.1
172.7,69.3
312.4,75.7
414.3,109.4
306.6,92.7
453.6,104.5
302.6,93.2
225.4,55.7
425.0,125.6
114.1,68.9
251.7,67.9
390.0,96.2
453.4,66.8
293.1,88.7
244.1,111.0
237.1,83.4
406.5,179.3
436.9,66.7
491.5,98.4
503.9,78.1
452.0,63.2
220.9,88.6
457.8,122.6
445.7,109.1
182.4,70.4
332.3,95.1
410.6,109.1
351.7,63.3
412.7,161.9
261.8,97.0
255.0,60.0
234.0,85.1
260.7,83.2
377.9,76.9
434.2,108.8
187.3,74.3
294.3,103.7
240.7,79.2
317.6,78.7
201.2,70.8
336.3,102.9
323.8,74.1
524.9,75.5
406.5,110.3
398.5,121.5
355.1,69.3
402.0,89.3
170.4,73.9
212.4,82.8
511.2,142.3
387.8,112.0
396.7,138.8
278.8,74.8
216.7,80.1
229.1,102.5
328.2,81.7
412.2,98.4
361.5,66.7
269.8,74.6
269.0,90.2
188.3,35.8
378.9,84.3
299.2,65.7
235.3,71.4
355.4,81.3
450.6,106.4
245.9,105.3
412.3,110.0
290.0,87.5
289.1,64.2
407.1,115.8
494.9,114.5
372.4,87.5
198.6,60.8
518.2,77.4
404.3,66.9
376.8,70.4
203.4,75.1
436.2,103.5
451.1,108.9
372.3,115.5
392.4,104.5
251.3,78.6
359.7,112.6
237.5,74.5
397.1,117.5
401.5,95.7
318.2,69.3
434.4,81.1
388.7,117.9
412.1,130.2
282.4,65.1
465.9,58.4
268.7,95.3
596.2,103.9
366.3,106.7
303.7,121.3
363.6,98.1
338.0,93.8
494.2,89.6
359.2,158.5
513.3,101.9
300.9,107.8
465.6,110.9
345.8,119.4
210.1,75.6
400.1,173.4
374.5,117.2
251.5,70.8
298.2,98.0
368.3,103.4
453.2,110.5
379.6,113.6
439.3,82.2
444.2,114.2
345.3,66.2
519.5,58.0
373.7,50.9
387.9,98.8
423.7,132.0
498.7,127.0
508.8,119.2
552.8,117.5
434.4,81.2
209.7,86.9
326.2,82.2
188.4,73.0
410.8,86.3
414.3,120.4
328.7,82.0
465.1,114.0
358.4,47.2
410.6,86.8
515.9,109.4
228.2,98.3
319.6,96.0
500.9,120.7
294.0,96.2
311.8,95.1
167.6,66.7
479.6,117.4
318.1,95.8
245.9,103.1
335.2,84.3
229.0,85.7
312.7,82.2
441.1,116.1
420.0,106.6
349.3,103.9
287.2,56.0
280.7,80.2
247.2,83.2
234.5,94.2
94.2,53.2
345.9,106.6
366.0,91.1
488.8,83.9
461.9,102.3
485.6,74.4
343.9,89.6
67.9,35.2
202.8,70.4
326.7,88.0
242.6,91.9
93.8,31.5
379.4,111.3
328.6,86.4
281.4,75.7
273.8,74.4
236.8,74.6
256.2,85.8
263.9,79.9
227.9,52.3
421.2,91.9
250.9,71.9
211.5,89.8
302.5,101.8
278.2,101.3
267.0,50.4
267.9,110.6
204.7,83.7
152.9,50.4
352.8,91.2
386.9,137.0
532.9,140.7
406.0,116.9
283.6,85.2
427.4,99.1
381.7,97.7
512.4,151.1
528.9,133.0
209.9,86.3
492.5,129.4
241.9,86.7
469.8,118.6
355.7,102.8
483.1,128.9
417.8,80.2
162.2,48.1
277.0,118.3
376.7,99.1
303.8,80.0
316.5,110.2
154.2,41.8
210.8,98.1
520.2,106.4
451.7,142.2
464.2,114.0
384.2,96.9
478.3,127.5
229.7,83.0
532.6,133.3
495.2,148.8
282.8,75.5
312.7,100.0
257.8,92.5
377.2,93.3
220.4,89.2
456.2,134.4
518.7,166.5
204.9,74.6
142.8,52.9
299.1,97.8
217.4,109.9
392.1,94.3
537.8,118.6
404.9,108.3
326.6,93.0
372.2,95.2
308.1,91.2
358.8,100.1
402.6,110.5
441.2,103.6
599.6,107.4
465.9,74.3
470.3,142.5
288.3,91.0
91.7,57.4
513.9,103.5
350.1,94.4
226.2,80.5
495.1,113.8
360.2,90.9
586.1,87.9
352.2,92.7
172.4,57.3
468.4,116.4
487.8,132.3
431.7,157.5
490.9,146.4
492.3,94.0
295.7,121.1
271.1,91.1
448.2,141.2
404.8,119.3
186.0,77.5
511.6,133.3
364.2,158.8
511.1,133.8
283.5,89.3
396.1,123.2
430.2,114.6
209.7,54.6
271.2,80.4
293.6,91.0
161.1,56.9
196.1,60.4
160.8,51.2
363.3,104.9
225.5,114.8
330.2,99.1
363.4,98.2
317.5,109.4
221.6,66.6
504.3,183.2
372.2,112.7
259.3,85.1
364.6,114.0
313.5,70.1
381.4,86.4
381.0,108.3
471.1,126.6
194.5,62.3
420.1,109.8
380.2,107.8
438.3,94.3
453.6,105.7
549.8,125.5
357.2,78.5
325.4,98.9
286.6,90.8
498.4,89.0
424.7,98.0
319.3,94.9
341.7,78.3
379.3,84.3
355.1,121.6
414.3,110.0
469.0,95.8
373.3,105.2
260.4,75.4
346.5,64.9
585.0,128.0
384.1,113.7
310.2,90.8
313.7,88.4
557.1,75.3
532.7,73.8
230.3,64.7
472.1,81.7
392.7,77.1
500.5,129.5
237.9,95.4
173.0,38.8
253.4,76.7
456.6,87.6
215.3,73.4
309.4,87.2
271.1,74.9
317.6,99.7
373.1,102.5
263.3,94.9
387.5,114.8
478.4,88.0
283.7,77.8
406.5,110.2
345.0,69.2
554.1,67.7
408.2,58.6
465.3,136.4
295.8,68.1
398.4,81.0
431.4,75.8
231.4,73.7
360.5,98.6
363.8,78.0
514.2,102.5
214.6,96.0
83.6,28.4
297.4,80.9
387.7,106.4
297.9,58.9
188.3,74.9
442.2,80.0
115.2,37.0
472.5,132.9
338.8,93.2
336.7,117.2
430.5,118.3
418.7,108.9
315.4,98.4
599.3,148.2
565.1,139.1
304.4,104.9
179.1,80.5
492.2,114.4
576.8,155.8
326.4,75.4
420.0,79.8
315.9,82.5
367.9,101.9
380.2,87.2
282.1,67.7
340.3,107.4
341.5,113.3
319.2,114.9
368.3,74.4
375.3,124.8
590.1,157.5
486.3,121.3
508.4,91.5
259.6,81.5
258.5,82.4
523.1,91.0
523.1,91.0
598.3,138.5
595.4,169.8
236.4,69.2
345.1,104.1
163.0,62.9
411.2,107.5
140.9,53.0
163.1,61.7
208.6,82.5
425.4,78.5
504.8,101.8
474.6,93.5
377.2,71.9
448.4,73.8
390.2,58.8
364.2,68.4
364.5,69.7
421.3,77.8
420.9,79.1
427.9,78.2
491.8,134.8
392.4,82.9
303.6,79.5
423.8,95.0
353.8,47.9
303.3,77.1
587.3,130.7
271.8,87.1
356.6,93.4
443.6,81.6
586.2,104.5
437.2,103.2
278.8,101.6
228.6,92.7
269.1,100.9
218.9,94.9
529.7,147.1
482.5,92.0
380.9,98.3
441.2,120.3
285.2,68.2
314.8,58.9
347.5,82.0
428.8,83.6
382.4,93.8
290.5,85.6
476.2,94.1
398.0,77.9
374.8,71.0
296.5,81.7
367.3,119.8
341.5,85.5
253.5,73.7
156.7,63.4
106.7,46.2
450.1,78.4
574.9,47.3
284.2,67.1
217.5,66.7
366.1,77.9
321.3,76.2
596.8,83.1
389.2,72.9
305.1,69.6
298.5,56.3
307.1,62.4
163.9,74.1
428.7,67.4
136.9,70.2
479.3,165.2
377.3,69.7
374.7,84.8
242.3,59.1
517.0,78.3
191.2,59.5
215.4,75.0
552.1,74.6
273.9,76.2
329.4,102.5
385.8,70.8
408.9,92.3
338.1,96.4
302.3,70.2
296.4,95.8
195.1,54.2
253.7,89.8
176.5,85.5
252.4,77.8
583.1,53.2
524.5,126.6
231.7,72.0
214.9,112.5
535.1,132.2
505.3,157.6
310.9,94.8
275.5,86.6
402.2,131.8
341.5,64.3
404.1,80.2
255.1,79.1
363.9,109.6
349.2,90.2
422.6,114.4
270.5,67.8
222.3,38.7
451.4,96.6
173.9,67.2
301.3,95.6
123.4,52.2
275.5,113.1
212.6,79.7
224.4,89.0
171.8,80.4
266.7,93.0
236.6,77.1
253.9,89.4
551.7,145.1
551.7,145.1
294.7,101.8
277.0,96.1
315.4,76.6
326.6,101.6
570.9,103.0
354.2,92.8
477.3,86.0
282.8,84.4
347.1,104.5
231.6,96.4
489.2,112.7
163.7,42.0
80.4,21.3
348.9,82.8
301.9,96.6
524.5,111.0
476.1,94.6
357.7,106.2
473.2,84.6
559.7,81.7
251.3,91.0
239.7,85.8
236.7,78.1
334.6,100.3
252.0,82.5
443.5,103.6
385.4,75.4
460.1,119.5
427.3,90.8
598.0,109.4
355.3,78.2
502.8,107.7
440.2,91.4
359.2,65.8
360.5,76.6
294.5,54.1
584.2,98.1
271.5,95.0
275.0,77.2
233.0,73.9
282.4,64.7
370.3,53.5
294.5,96.2
294.9,117.8
433.5,144.5
429.8,121.2
244.1,91.6
255.2,91.7
320.2,139.4
264.2,95.0
471.4,66.8
455.7,72.3
236.2,105.0
302.9,92.9
385.0,80.1
438.7,120.2
459.3,143.6
324.0,106.5
474.3,96.5
447.4,97.1
382.7,114.5
377.5,92.0
264.0,52.6
248.2,93.6
234.6,87.0
425.5,106.7
510.2,105.4
485.9,114.5
312.1,106.0
170.3,53.0
462.5,117.6
262.2,87.3
281.9,72.8
518.8,98.8
354.7,94.8
234.8,100.8
140.1,65.1
228.1,64.0
379.0,78.0
413.4,101.0
266.5,94.4
567.1,129.5
451.5,90.0
405.7,91.0
300.5,121.7
243.6,80.3
283.1,128.5
265.4,91.0
455.7,116.8
385.9,106.8
463.6,124.4
427.6,83.1
383.7,114.5
529.7,128.2
377.0,105.9
377.3,112.7
289.4,164.5
522.8,104.5
204.9,93.7
299.1,106.6
390.5,86.4
402.4,99.5
311.6,78.1
485.2,117.4
181.7,88.7
465.5,127.0
350.9,106.6
426.9,101.4
336.7,55.3
158.0,66.9
320.2,97.0
428.4,110.5
301.8,83.9
324.0,95.7
436.1,65.0
270.5,74.6
328.2,98.9
418.9,166.9
224.2,85.8
244.5,83.3
217.7,77.5
108.2,50.3
352.0,67.9
335.8,145.6
462.4,36.8
322.9,125.9
421.1,75.5
345.2,117.5
213.2,80.4
271.2,92.8
292.7,113.2
193.7,82.0
258.8,107.6
240.2,78.1
293.3,113.3
252.5,62.8
374.5,111.6
187.8,78.5
269.1,75.4
229.0,75.9
323.6,97.3
182.8,81.6
311.1,60.2
291.7,126.0
228.4,90.6
352.7,126.3
160.4,61.7
379.8,97.8
281.8,85.0
277.2,85.5
350.7,111.4
462.8,87.7
314.8,111.4
125.7,53.5
308.9,89.6
192.3,77.5
203.9,60.8
264.0,92.8
236.6,109.6
366.1,53.1
325.4,122.3
329.8,103.8
149.0,66.0
259.2,84.1
317.5,102.0
163.8,64.2
223.6,89.0
206.6,98.3
396.4,141.6
227.7,78.6
203.5,82.3
294.4,63.5
391.4,86.6
236.0,98.5
158.0,81.7
195.9,86.9
167.9,42.2
194.3,46.6
586.8,157.9
400.3,106.3
497.5,118.5
235.2,87.5
233.2,93.2
391.8,104.3
222.5,91.3
376.5,116.8
213.4,79.2
353.9,97.7
72.8,6.9
268.2,112.8
296.7,95.6
475.3,131.7
429.6,131.9
256.0,82.8
297.4,76.2
226.3,80.4
263.4,78.9
578.2,102.2
209.7,72.7
541.4,123.3
318.8,83.4
457.2,102.0
388.4,110.9
172.0,59.3
317.1,99.5
273.4,113.5
378.2,87.6
503.3,121.2
467.5,100.7
488.5,109.0
276.7,71.1
353.1,123.8
303.1,97.1
388.9,92.6
253.8,86.6
220.6,83.0
395.8,161.0
422.5,81.0
341.3,76.8
540.1,128.8
285.4,94.7
382.3,101.5
446.4,89.6
342.6,112.3
323.2,67.7
330.8,102.5
268.2,46.4
320.7,82.6
361.1,82.5
225.3,83.1
282.5,91.1
569.9,94.4
312.2,61.3
256.3,97.8
467.5,104.0
548.8,122.6
508.3,86.7
488.1,116.6
466.8,62.2
204.3,71.5
378.0,128.0
406.0,113.8
308.1,89.5
390.7,123.3
244.5,88.9
365.8,106.2
452.0,121.3
358.1,124.0
304.7,127.4
432.8,153.0
287.4,78.0
243.6,100.9
258.2,107.6
239.0,96.4
331.6,105.0
284.8,96.5
156.3,74.3
502.2,130.0
351.2,74.5
325.2,87.0
453.0,118.2
309.2,122.1
416.3,91.9
269.7,100.3
351.2,108.6
297.0,77.4
248.6,103.6
361.0,97.6
182.6,81.6
512.2,141.7
261.5,94.4
465.3,99.6
342.3,118.7
228.8,66.2
299.1,86.8
230.6,83.1
327.8,92.9
284.1,106.3
400.6,123.5
396.4,85.8
279.0,79.5
226.5,95.7
485.3,131.4
303.5,81.5
295.3,75.1
316.9,85.5
520.2,97.7
352.0,99.1
212.4,95.0
260.6,91.7
484.2,119.4
336.5,62.4
399.7,112.6
593.6,124.8
300.0,89.2
381.3,132.0
291.5,82.1
267.9,126.7
262.6,91.6
469.7,99.3
287.9,100.8
457.5,113.1
382.4,93.1
132.9,56.2
222.3,63.6
445.3,91.6
356.4,98.0
228.3,87.3
92.6,35.6
257.6,96.2
185.6,54.8
284.5,91.1
251.1,40.1
213.4,85.9
322.8,65.0
262.2,84.5
370.8,97.1
343.9,93.4
497.5,102.7
304.9,109.0
395.9,81.0
342.8,113.4
241.9,94.1
371.7,105.5
288.7,83.1
163.3,76.8
489.9,107.8
369.2,98.5
201.2,69.3
257.4,73.7
172.5,85.2
286.2,83.1
399.0,74.7
341.3,96.9
429.6,92.1
202.8,64.3
184.6,86.4
297.3,78.8
239.0,74.3
422.6,92.7
497.4,103.1
439.2,84.1
357.5,115.9
289.0,101.2
333.9,83.0
233.5,78.8
290.6,100.8
361.7,110.0
387.0,101.0
280.3,65.2
245.5,84.8
230.9,92.3
318.1,114.0
318.0,100.0
459.0,98.9
187.8,70.2
232.7,77.3
259.6,102.5
126.7,62.8
286.9,99.8
336.2,78.0
310.8,110.5
267.8,84.3
256.1,80.7
337.1,108.3
595.5,110.5
291.4,89.4
501.5,113.3
321.8,118.1
402.6,94.9
410.5,99.0
404.3,115.8
309.3,76.1
351.3,115.8
271.2,113.1
251.9,86.3
183.9,47.7
374.6,67.9
79.5,46.7
567.3,76.8
449.9,114.2
417.6,85.7
211.4,86.8
470.4,96.4
277.1,69.8
189.8,99.8
191.7,78.4
246.7,91.2
358.7,100.6
92.1,31.1
173.0,74.0
340.8,95.5
225.6,82.5
369.7,107.3
344.9,117.8
471.0,101.1
489.3,105.3
344.1,106.4
190.5,56.1
234.3,93.4
186.1,80.4
345.1,85.7
174.0,58.7
238.2,65.0
354.9,118.5
444.7,70.3
191.1,80.7
507.3,87.7
461.0,84.9
135.8,61.5
189.0,46.4
192.7,81.2
277.0,71.9
330.8,74.7
335.6,74.8
212.5,93.6
336.3,137.5
440.3,116.1
518.4,104.9
339.7,85.0
357.7,72.3
436.8,145.2
465.8,100.5
486.6,114.3
333.0,111.1
469.2,126.7
551.0,127.8
387.3,120.2
120.1,57.8
143.1,48.6
163.3,45.5
470.9,89.9
188.0,79.9
305.8,91.5
290.2,101.3
316.0,73.7
347.9,98.8
231.3,74.9
323.5,86.2
325.4,89.9
136.8,66.4
274.6,84.5
191.2,64.1
314.8,74.9
203.8,69.1
121.4,70.5
345.4,120.9
221.6,58.4
402.3,118.0
269.7,91.5
189.1,75.6
205.6,77.9
207.8,88.7
190.8,79.2
399.9,101.3
553.5,141.9
388.1,82.5
226.9,94.5
99.9,33.8
189.2,85.9
366.9,122.9
537.8,130.7
360.6,102.2
497.9,140.9
218.0,92.5
245.9,85.7
344.7,96.4
266.0,73.0
393.3,94.0
264.4,101.6
351.0,112.0
414.4,89.6
95.6,51.3
255.6,80.4
298.0,75.7
308.4,64.0
177.6,95.4
420.4,87.4
392.0,163.6
517.9,107.8
344.2,89.9
558.3,136.7
383.2,84.3
388.4,100.5
216.4,84.6
312.2,77.4
367.9,119.0
524.6,111.4
445.0,136.4
304.2,98.4
227.6,80.2
543.8,113.1
334.4,133.6
490.7,86.9
188.3,67.9
448.7,116.3
382.7,87.3
327.7,94.4
253.6,75.7
527.5,102.1
317.6,78.7
562.7,104.6
397.1,119.7
192.8,74.2
207.6,72.6
527.3,134.2
437.2,122.6
278.2,75.1
272.7,135.7
480.4,130.6
365.1,106.6
458.2,105.1
577.0,100.7
315.9,103.5
260.2,96.4
399.9,135.1
413.6,122.3
292.9,67.1
378.7,99.5
293.4,121.9
289.2,83.7
240.0,111.2
194.5,70.0
300.0,89.8
299.1,93.0
327.1,116.0
340.0,94.8
283.2,79.4
306.7,108.5
333.3,111.4
534.5,91.5
553.9,159.3
310.3,60.5
314.0,94.4
174.0,51.3
175.1,45.4
345.7,106.9
241.0,93.1
241.8,82.9
410.2,116.7
439.8,116.6
524.6,78.8
296.3,56.6
212.8,79.3
269.0,112.6
213.5,86.2
244.2,89.1
168.8,48.9
207.2,60.3
478.1,128.0
281.8,39.4
250.8,72.6
299.5,96.5
291.9,73.3
323.3,86.5
248.7,78.6
460.3,91.0
125.2,68.5
156.4,53.1
139.7,40.9
457.3,70.8
599.7,188.3
573.2,121.8
268.9,105.7
247.4,103.4
469.5,71.6
337.0,84.8
262.3,84.4
220.3,64.7
471.2,88.4
259.6,84.4
376.6,115.3
575.0,130.6
68.6,27.9
358.6,101.6
367.3,107.3
513.3,111.6
471.4,74.6
309.6,104.9
417.8,176.6
438.3,137.4
344.0,130.9
440.6,114.6
585.2,134.1
256.7,65.2
156.9,55.2
300.7,67.9
332.7,103.7
366.2,108.0
282.2,80.9
394.3,105.9
371.6,90.6
135.6,41.7
255.5,78.7
272.9,92.4
333.6,94.3
523.8,94.4
361.1,105.5
541.7,95.3
239.3,100.6
419.5,69.9
435.1,125.1
519.8,82.5
67.2,22.3
565.7,95.7
501.0,62.3
389.2,71.9
290.2,127.7
526.1,99.3
262.0,85.9
581.7,112.7
529.8,127.7
469.0,149.0
144.3,55.3
593.0,157.2
546.6,80.8
260.6,58.4
457.2,52.5
345.3,77.2
566.7,81.5
506.3,67.5
239.2,69.4
582.7,113.6
263.4,89.6
453.2,138.0
411.9,94.0
319.6,75.6
313.5,89.1
315.5,122.5
314.1,114.3
554.5,105.7
398.3,88.8
301.8,82.9
498.4,110.4
374.0,99.3
559.2,104.8
467.0,86.0
541.1,120.3
207.6,69.4
301.6,70.4
569.1,78.1
152.8,27.3
521.0,106.5
362.1,76.2
544.7,119.4
498.4,78.1
525.5,102.6
582.1,89.9
245.4,94.9
336.9,87.2
225.0,86.9
313.3,86.5
183.8,52.5
213.9,59.0
558.4,117.9
511.2,109.8
560.9,133.4
263.1,93.9
189.7,65.7
236.9,73.4
491.4,133.7
322.8,62.0
523.3,102.6
268.8,66.7
261.7,75.9
404.3,108.8
226.2,79.3
280.0,94.0
246.9,90.2
301.8,82.4
311.6,82.8
530.6,94.5
320.7,100.5
522.8,102.8
264.1,86.5
312.5,94.3
303.7,88.9
209.1,62.2
190.3,64.6
262.1,87.8
207.2,69.8
439.0,95.1
164.6,50.3
298.6,81.2
451.5,122.7
306.9,103.0
206.8,70.3
295.3,71.4
584.0,139.5
315.6,74.7
405.2,106.0
211.7,52.3
348.0,80.0
429.5,77.3
504.4,119.0
106.6,45.0
314.8,89.3
379.6,74.8
586.8,81.7
379.5,112.2
377.7,83.4
329.1,73.2
279.0,82.2
307.1,66.8
531.3,106.1
261.3,74.1
323.2,64.6
433.7,96.1
375.0,107.6
369.7,104.2
197.6,79.5
118.7,74.1
189.8,47.9
163.5,52.2
325.6,105.9
266.1,115.9
537.1,82.0
252.5,82.4
588.8,183.7
301.4,83.9
455.3,109.2
435.4,107.5
495.0,135.6
292.9,76.9
330.1,106.1
516.4,80.8
346.3,68.4
305.5,100.9
552.8,111.4
389.8,79.9
312.3,90.1
299.2,69.3
289.2,77.2
273.0,78.6
328.3,79.9
314.5,77.8
279.0,84.5
224.5,93.6
186.6,79.7
571.3,111.3
549.7,85.4
225.3,80.5
378.8,111.9
240.3,69.2
286.0,91.8
244.0,100.7
226.1,95.5
518.2,92.1
481.1,116.8
336.0,106.9
218.5,90.3
496.1,104.8
403.9,94.0
405.7,102.7
536.0,121.3
269.1,91.8
333.7,76.1
193.4,42.2
532.0,91.6
281.5,77.2
477.0,125.9
351.0,89.3
403.9,76.4
452.0,85.5
184.7,50.5
306.3,71.7
140.4,50.2
385.9,93.2
486.1,109.7
202.6,62.1
524.1,112.6
341.4,99.9
128.8,54.2
135.8,51.7
294.7,79.7
221.4,91.6
419.0,117.0
266.5,94.7
264.2,80.8
309.9,99.0
247.0,59.8
230.0,54.7
501.6,85.8
330.3,95.8
550.8,95.0
564.4,98.4
353.8,113.4
386.4,76.4
187.6,60.5
321.8,79.1
282.1,114.1
206.0,62.3
347.4,89.1
388.2,93.3
464.7,149.1
375.8,91.5
334.5,118.5
245.7,68.5
283.7,82.0
437.0,87.4
532.6,89.1
100.1,20.0
353.5,80.3
322.4,79.0
249.6,56.4
431.2,96.4
382.2,92.7
336.9,82.5
365.3,72.2
380.9,78.1
475.7,102.7
363.3,72.7
433.1,118.0
243.7,32.9
399.9,95.2
285.0,77.1
387.6,70.7
350.2,114.0
465.8,108.3
470.3,87.4
242.8,97.8
340.6,97.5
59.7,28.4
284.9,87.0
499.7,115.5
442.6,107.3
318.5,83.4
314.8,95.8
315.3,62.7
310.9,71.6
232.6,73.9
203.1,60.7
250.4,92.1
366.8,63.9
115.1,31.5
504.2,85.5
243.2,60.2
369.8,97.8
461.8,122.1
292.3,63.2
349.6,85.1
539.6,100.3
305.0,88.0
252.5,76.5
129.5,70.5
238.7,72.2
544.5,58.3
411.3,116.9
317.8,93.3
508.7,98.9
333.4,66.2
202.4,75.4
330.3,108.5
190.8,73.4
245.0,94.3
400.7,82.2
366.1,80.0
417.1,105.8
382.3,105.6
141.8,78.1
218.5,80.5
61.9,28.5
408.1,111.4
223.6,58.1
367.7,96.2
590.9,135.5
351.7,101.5
408.5,115.7
501.6,135.8
345.1,106.2
173.7,65.9
354.1,112.9
309.8,96.8
61.1,27.9
192.0,67.7
218.6,81.0
342.5,83.2
216.5,80.9
242.5,88.8
319.7,100.1
469.2,136.4
547.0,107.4
206.3,51.7
338.5,119.7
281.2,73.7
334.2,105.5
502.0,125.9
449.2,109.3
237.2,73.3
303.2,106.7
402.4,88.9
577.9,102.8
224.7,77.8
518.8,97.5
504.2,143.5
405.8,123.4
488.0,88.5
316.9,76.1
478.5,101.5
290.3,67.3
431.2,80.2
215.5,56.8
403.8,102.2
354.7,100.4
151.1,73.3
537.1,116.5
542.4,113.9
476.0,100.7
293.0,110.0
371.7,103.1
321.7,92.0
260.8,69.6
296.6,65.4
388.6,57.9
188.8,60.9
227.3,69.4
188.9,76.6
152.4,67.9
439.3,103.1
317.7,81.8
294.6,82.6
261.6,89.4
301.3,82.5
323.1,104.1
392.8,96.3
365.5,90.9
433.0,101.3
175.3,75.3
430.8,117.8
130.1,37.8
316.3,102.7
300.3,86.8
368.0,122.0
416.5,133.6
329.8,90.0
339.8,112.1
196.4,38.7
418.2,141.1
480.6,110.2
435.4,113.2
446.0,87.9
563.8,92.8
429.4,100.3
370.5,113.6
346.9,79.5
128.1,45.2
292.4,98.0
231.4,71.2
539.9,102.1
276.0,113.5
370.8,116.7
299.0,58.1
270.8,52.0
498.0,95.1
312.5,88.6
216.8,75.4
315.4,85.7
231.5,80.8
372.5,99.2
357.3,101.0
323.7,64.8
413.1,91.4
388.3,79.1
336.2,78.9
248.5,72.2
427.5,57.0
416.2,100.0
494.2,84.8
462.4,83.7
556.9,114.8
373.6,107.9
269.8,91.3
428.8,104.7
295.6,86.8
224.2,53.0
291.7,64.8
569.1,68.2
270.0,70.1
448.9,58.3
353.8,72.1
300.3,84.6
426.0,79.8
410.2,91.6
225.0,60.0
516.7,87.2
481.1,102.2
284.4,91.4
278.6,74.7
297.4,75.2
306.5,71.4
166.8,59.8
375.4,93.8
460.3,111.0
359.3,80.3
339.1,104.7
376.1,73.7
469.9,114.9
316.4,85.5
342.5,90.7
479.8,154.3
308.9,72.7
321.5,70.8
453.6,113.2
268.9,81.9
449.6,89.9
259.2,85.2
464.3,105.9
442.7,101.9
493.3,112.5
235.6,78.9
329.3,79.1
334.9,74.5
286.3,80.4
577.0,161.0
462.3,70.5
289.7,72.0
421.0,97.7
520.7,98.0
374.5,63.8
331.3,83.2
486.5,126.3
247.1,40.0
200.1,91.5
403.4,46.7
315.4,72.4
409.3,109.1
397.7,101.4
277.4,59.5
217.3,65.7
314.9,67.2
372.8,83.2
496.5,111.3
401.6,69.9
308.4,137.5
409.3,77.4
448.6,88.5
215.1,55.3
253.2,76.0
563.8,86.0
348.8,78.5
512.9,120.0
270.3,116.9
195.7,87.0
214.0,90.7
498.2,90.2
273.3,107.7
200.4,82.7
533.4,100.6
126.0,39.8
189.7,66.8
181.9,64.2
441.0,114.3
452.9,122.3
462.7,85.0
313.2,70.5
227.0,74.6
264.8,62.4
365.6,70.3
263.5,86.0
246.6,74.3
498.2,95.4
367.7,81.3
561.6,147.0
367.2,103.0
573.4,109.9
362.3,105.6
422.0,94.7
513.7,100.7
430.4,124.0
537.5,136.8
82.8,44.3
263.6,86.5
231.5,80.8
216.1,74.0
261.6,92.5
344.5,83.6
397.0,107.3
423.3,97.8
281.4,119.5
196.8,62.9
578.7,142.8
210.7,85.6
69.0,37.9
301.3,73.9
496.5,106.6
287.2,60.2
392.9,89.3
357.4,180.2
221.2,87.3
327.2,83.6
564.8,126.9
499.0,124.8
175.7,61.4
313.9,83.6
231.6,74.0
591.8,76.8
91.0,53.5
384.5,83.0
382.7,109.3
266.7,81.9
278.5,78.7
286.0,113.2
359.8,89.1
217.5,49.3
269.8,76.6
321.2,94.1
588.3,152.7
227.6,93.3
204.2,64.8
373.8,76.4
276.3,110.8
206.5,73.1
126.3,52.8
276.9,73.7
318.0,74.2
358.9,70.1
281.7,83.2
450.9,78.1
266.5,72.6
452.9,66.2
350.1,72.0
313.0,60.4
276.9,75.8
515.5,93.6
231.6,65.0
461.6,96.5
408.1,88.9
288.8,73.3
483.7,50.4
249.7,118.0
297.4,70.4
149.9,53.7
345.2,93.2
448.1,75.8
313.4,113.7
178.7,62.0
193.9,59.3
277.3,72.2
228.0,73.8
232.3,63.3
256.7,66.7
516.6,110.0
379.1,126.5
426.8,97.9
252.8,73.0
437.0,131.1
413.1,99.5
377.1,100.8
560.8,80.2
228.9,85.5
228.0,61.6
334.9,79.1
120.7,34.3
171.4,80.0
447.3,59.8
309.4,68.9
333.2,105.7
461.7,135.2
268.6,58.2
526.5,82.6
191.0,92.3
232.2,61.8
157.0,68.1
166.0,63.7
295.7,76.5
196.8,56.2
197.3,80.6
235.2,86.4
426.9,33.1
277.2,78.3
357.4,87.8
396.1,73.3
222.3,72.5
341.8,33.5
241.8,79.5
229.0,74.5
64.5,63.8
303.7,53.0
235.0,59.6
332.3,69.0
246.9,54.0
415.4,69.3
475.0,83.4
367.8,69.5
552.8,61.4
361.7,78.1
350.8,65.2
252.5,67.9
279.2,74.6
379.6,80.2
391.4,71.9
519.7,94.5
397.7,94.6
198.5,70.9
376.7,106.2
169.5,84.7
102.2,54.1
306.0,108.9
251.8,89.6
322.8,74.5
273.9,83.2
425.0,124.8
347.3,93.8
242.4,68.9
438.9,90.3
521.9,90.5
491.6,110.1
266.3,74.7
403.9,83.0
219.9,70.2
433.6,101.0
202.1,74.6
561.1,83.9
305.0,103.1
486.0,170.7
528.7,74.3
465.6,58.2
398.2,80.0
278.7,80.5
186.4,64.0
135.7,99.4
443.3,79.5
307.1,55.6
162.9,51.1
277.6,118.3
259.6,68.4
286.8,67.7
203.5,46.7
440.5,107.4
372.1,100.2
550.6,63.2
357.6,121.0
260.5,92.5
266.9,94.8
533.1,97.3
410.2,52.7
274.5,60.0
590.2,99.6
254.9,66.4
268.0,124.6
204.5,59.7
485.3,102.8
352.5,57.8
264.0,100.3
360.7,67.9
260.4,71.2
173.4,43.8
237.1,59.0
247.6,76.3
211.0,73.7
392.2,67.4
474.7,75.0
299.7,92.9
170.7,73.4
289.6,85.0
417.5,87.6
474.5,94.3
186.8,67.2
77.6,28.8
97.8,98.8
547.2,84.1
95.3,45.4
262.7,72.4
206.8,65.0
175.4,66.1
182.4,62.8
133.1,87.4
287.2,98.9
330.6,76.5
175.7,64.7
546.1,64.3
346.2,68.7
159.3,60.5
228.8,74.4
510.4,75.6
190.0,52.4
315.3,40.9
291.9,146.9
330.2,58.8
199.6,34.7
254.0,90.5
266.1,80.8
239.6,96.8
87.4,49.7
80.4,55.9
87.4,43.2
130.1,57.3
264.8,86.7
236.6,77.7
506.7,86.0
378.1,80.2
599.6,95.2
271.1,87.2
328.5,100.1
369.6,93.6
167.6,79.5
307.6,112.1
145.0,76.8
216.0,75.2
219.5,87.9
66.4,38.4
184.8,99.9
379.0,85.9
142.0,71.0
251.2,68.9
52.3,39.9
163.0,63.5
140.8,45.6
176.6,70.6
383.7,90.1
252.7,71.3
126.9,47.4
311.5,70.8
219.5,88.2
246.3,61.7
219.5,63.4
96.4,22.3
320.1,76.8
188.1,77.7
172.9,62.7
150.2,53.9
201.1,70.7
150.9,78.0
184.9,81.8
230.2,74.8
523.7,83.8
211.8,72.6
266.3,60.6
208.0,77.0
202.1,60.0
261.0,54.2
224.8,75.6
206.3,94.4
314.3,76.7
267.9,79.7
373.9,71.1
192.9,75.6
299.4,80.5
290.5,56.9
188.4,84.8
329.4,103.5
210.2,93.7
332.2,69.3
128.2,61.3
453.2,59.0
514.7,161.7
299.7,80.2
424.1,118.6
238.1,46.4
154.4,48.0
272.8,78.0
231.9,113.5
250.9,93.2
323.1,73.1
238.0,89.8
284.5,104.5
373.6,107.3
304.3,92.2
208.3,79.0
283.0,80.0
366.4,80.0
247.4,93.7
427.7,120.2
492.3,137.3
378.2,102.2
190.1,75.6
511.5,132.1
405.2,97.4
261.1,107.3
275.4,73.1
301.9,69.2
395.0,82.5
288.3,55.6
570.8,89.8
227.3,82.3
411.3,146.0
69.6,32.6
263.6,65.0
498.0,84.9
283.4,63.5
199.5,54.9
199.5,46.3
278.6,115.4
361.0,60.7
255.9,80.4
205.7,79.8
298.1,95.6
121.5,56.5
341.8,120.1
226.2,78.2
245.1,91.1
238.1,83.2
515.7,92.4
519.5,83.3
192.0,75.9
186.7,57.6
227.8,72.1
374.7,107.3
290.0,89.6
330.4,88.0
288.1,77.1
283.2,71.8
252.8,89.0
372.0,117.8
310.9,75.5
271.8,66.0
261.0,69.4
300.5,97.4
304.7,64.4
243.1,85.7
254.0,76.4
526.1,54.7
312.4,95.9
552.0,78.7
552.6,77.5
235.6,66.7
344.8,77.4
164.8,56.9
201.9,77.4
332.3,101.4
372.5,88.9
326.8,77.0
231.9,53.7
283.0,105.0
190.8,70.8
211.9,84.8
148.2,62.8
329.9,49.2
284.5,95.1
176.7,64.3
186.5,58.6
258.8,70.8
228.1,55.7
215.1,55.6
217.4,76.9
157.8,54.9
150.8,55.5
206.1,72.9
201.8,84.5
337.1,79.1
200.7,81.2
247.0,44.6
446.4,90.3
373.9,84.3
470.7,80.2
379.4,74.2
233.2,94.6
301.8,103.7
235.1,81.2
241.9,82.5
212.8,77.7
160.8,51.0
344.8,58.0
232.3,92.6
239.8,76.5
179.8,63.9
360.1,76.1
245.4,82.3
484.1,79.0
319.9,79.5
395.9,88.4
215.3,63.5
395.4,55.1
111.0,52.6
242.8,75.6
137.1,57.5
508.3,76.5
455.8,47.3
188.6,74.1
238.5,90.9
401.9,54.5
110.5,44.1
158.9,56.9
491.7,78.1
567.3,118.4
595.5,102.8
183.6,65.7
275.0,75.0
421.8,70.0
261.0,104.8
144.2,46.9
91.6,39.3
108.7,46.6
185.3,69.2
265.6,81.9
92.7,54.3
477.3,110.9
208.5,50.7
226.7,79.0
359.9,72.0
381.2,103.4
166.9,95.0
283.4,113.1
233.1,83.8
452.8,70.0
134.7,73.6
246.9,116.6
220.0,92.6
299.9,78.5
252.7,98.6
192.6,53.9
440.2,92.3
275.7,94.2
234.8,61.1
428.2,66.8
366.7,84.8
402.1,85.1
529.3,125.8
76.0,23.5
240.5,50.3
194.6,64.1
122.4,34.7
517.1,130.6
315.4,76.1
101.6,41.9
272.7,78.1
99.7,57.4
411.5,133.8
375.5,110.9
148.9,75.0
108.6,62.4
280.9,103.1
156.9,62.9
315.7,76.3
242.1,106.1
240.5,85.6
523.6,139.4
176.7,38.1
276.4,29.5
555.8,159.8
177.7,82.8
287.2,63.3
168.8,36.3
271.4,87.7
341.2,93.3
385.5,77.6
532.1,113.8
455.5,68.9
179.8,84.2
154.2,77.2
251.6,109.5
229.1,74.1
156.3,84.7
281.4,81.5
194.3,43.8
527.1,64.9
79.5,42.6
287.0,44.3
205.6,112.8
279.6,99.5
566.8,63.5
56.6,43.7
174.2,75.8
197.4,53.6
57.0,18.8
87.9,48.2
276.2,80.6
437.2,60.9
432.6,74.3
366.0,61.0
383.1,101.4
72.3,43.9
104.7,50.1
388.5,57.1
89.9,32.1
321.8,68.0
133.8,71.3
200.2,58.1
117.6,60.9
155.8,48.3
223.7,89.8
226.5,46.3
110.1,38.2
157.4,88.6
337.3,70.5
266.0,32.0
548.8,49.6
159.7,42.0
310.0,81.1
105.4,72.2
244.8,119.4
145.6,79.8
108.7,34.0
103.1,77.7
171.7,66.5
303.5,118.9
576.6,89.3
390.1,161.6
350.3,86.2
321.8,120.2
109.0,46.5
135.5,60.3
242.4,38.8
249.5,91.5
354.2,58.9
307.2,89.7
181.0,69.9
177.2,57.7
176.2,82.3
286.2,93.6
210.5,88.2
259.8,72.8
68.6,36.9
231.3,82.2
284.0,128.2
229.8,70.8
128.0,39.9
174.7,60.2
366.9,79.4
190.8,57.1
151.8,68.5
265.3,100.2
273.0,109.9
164.6,75.4
255.3,87.3
175.5,77.4
192.0,77.3
362.0,112.7
114.0,56.5
201.3,81.4
50.8,82.3
175.0,65.9
316.3,87.1
277.3,101.4
188.1,61.6
185.5,66.6
431.8,159.2
123.7,52.8
185.5,64.6
104.4,38.2
451.0,112.8
468.2,105.3
115.7,57.8
154.9,67.0
251.8,90.6
520.8,108.7
211.7,61.5
208.0,180.1
461.8,59.5
322.8,128.5
442.2,88.0
140.6,63.7
423.1,84.3
178.9,36.5
222.5,92.4
313.9,82.8
313.9,85.2
124.2,74.7
135.3,57.7
124.3,72.6
513.2,101.9
496.7,53.0
217.9,88.5
526.9,109.6
372.1,132.1
157.2,65.0
196.5,76.3
262.6,83.3
218.2,73.0
411.7,65.0
408.8,100.0
256.7,74.2
294.0,106.5
227.6,76.1
287.7,102.2
311.8,118.1
247.9,101.6
208.5,82.7
197.2,88.3
331.8,71.2
377.8,142.4
51.0,34.2
387.0,106.3
300.7,93.9
343.6,82.9
474.6,85.1
474.4,90.5
337.3,82.8
351.5,85.6
429.7,71.6
433.8,103.6
246.4,75.4
247.9,70.2
287.0,83.0
120.7,34.4
505.0,98.3
327.1,63.3
346.9,91.4
282.8,101.3
253.7,94.1
311.1,124.3
204.3,92.8
228.7,79.3
447.7,103.2
271.9,93.8
221.0,86.8
188.4,77.5
282.7,117.7
349.9,96.2
384.4,70.8
312.6,95.4
221.3,77.8
493.3,119.1
409.1,107.1
236.3,80.2
202.2,80.9
330.0,81.7
240.3,102.1
327.2,88.0
334.6,80.2
313.4,82.4
576.7,91.2
246.7,83.0
261.9,81.2
247.3,84.8
239.6,96.0
217.8,94.3
297.0,79.3
231.9,68.6
311.2,79.5
253.4,88.3
274.0,74.6
262.2,80.6
295.8,62.3
427.2,110.1
212.3,79.8
237.3,62.0
326.2,87.1
380.4,82.6
437.9,60.1
583.3,91.6
153.1,56.1
139.9,71.3
465.8,121.7
155.6,68.4
279.7,92.1
218.7,74.8
255.8,104.7
261.4,71.5
254.5,74.4
331.9,91.9
420.0,84.7
299.7,68.3
257.0,101.5
213.7,70.3
163.5,56.9
252.9,100.1
254.1,46.9
235.1,77.7
315.9,92.9
333.8,65.5
196.6,69.1
408.5,119.8
243.9,77.2
345.5,58.4
479.1,95.2
363.3,126.3
201.4,47.5
302.2,83.4
349.5,64.6
226.2,66.4
425.4,66.1
278.4,75.1
209.3,79.5
236.0,71.5
219.5,72.1
229.1,65.7
420.0,100.5
553.4,100.5
186.7,62.4
229.2,70.8
319.9,69.9
323.2,76.2
212.5,72.0
212.5,73.2
307.6,127.0
537.2,91.1
277.0,70.1
316.5,95.9
386.7,90.5
338.5,79.3
453.9,74.9
231.7,86.1
280.3,80.5
392.5,92.9
208.8,63.2
237.5,67.8
166.1,74.7
474.6,81.8
209.6,70.7
278.7,86.9
219.5,95.3
250.9,128.8
353.6,110.2
223.1,86.2
308.9,69.5
281.7,90.6
402.4,137.6
261.3,95.8
284.6,80.8
572.5,77.4
278.7,85.9
247.7,69.6
245.8,95.3
176.6,57.3
300.6,75.6
341.5,92.9
290.8,85.8
321.2,79.8
358.8,123.7
235.9,81.5
539.0,135.0
194.5,69.7
426.3,116.3
413.6,102.9
223.0,87.4
300.5,98.0
322.2,79.5
260.5,96.8
304.8,94.8
419.8,102.9
408.9,98.9
316.1,74.0
217.3,90.3
554.1,113.1
263.9,66.9
350.1,95.7
199.5,68.9
399.4,69.1
427.5,85.7
171.7,60.7
57.5,28.3
222.5,91.7
379.7,57.3
305.8,81.2
223.3,81.1
352.7,86.8
401.5,71.5
326.5,69.4
230.3,80.5
402.3,138.3
259.9,82.2
299.9,96.2
307.1,58.3
171.6,64.9
263.8,78.8
223.7,67.9
285.9,80.7
452.0,73.6
477.3,83.4
315.1,111.0
382.2,120.7
184.5,65.2
292.7,99.2
157.2,54.9
225.2,89.8
307.2,99.0
290.3,102.6
307.5,120.4
462.7,80.8
398.3,105.5
353.0,72.0
536.8,69.8
264.0,76.9
252.8,90.4
243.5,98.1
220.8,73.5
203.3,81.9
197.4,89.5
479.6,75.3
373.1,95.6
230.3,85.7
216.8,72.3
471.6,152.3
385.7,73.0
208.0,83.6
219.8,85.6
194.9,81.0
289.1,94.4
342.0,114.0
451.0,111.1
247.4,82.2
176.3,62.1
215.6,68.4
408.0,142.3
301.7,102.0
171.6,68.1
222.3,72.7
325.7,93.3
335.2,61.5
278.7,96.0
184.9,74.8
244.7,71.0
236.2,81.8
179.7,66.9
311.2,63.9
253.8,84.5
174.6,67.8
419.2,71.1
267.4,83.1
241.6,76.8
235.7,70.5
359.4,61.5
199.4,82.9
247.4,65.1
156.9,65.1
245.6,80.2
459.5,117.7
256.9,67.4
380.5,70.8
239.9,98.4
423.1,97.1
225.7,74.7
495.2,123.2
314.6,73.1
101.3,51.9
235.8,63.5
424.6,82.4
209.1,55.6
326.5,68.5
364.0,67.9
208.2,58.4
513.1,122.4
83.4,71.9
230.2,71.5
295.1,64.6
196.0,63.8
467.0,67.7
151.8,47.8
223.4,75.8
275.0,37.6
190.7,62.6
232.8,53.8
350.6,37.2
446.8,68.5
314.4,96.7
255.4,75.5
340.6,49.6
288.1,65.6
379.6,81.1
216.1,66.3
464.5,70.8
380.3,92.7
341.9,79.9
349.5,83.7
195.8,65.9
156.2,57.4
377.6,43.0
199.6,52.4
228.6,57.7
371.5,73.6
270.0,112.5
267.1,88.6
427.2,43.0
144.2,54.2
400.5,83.8
288.5,79.7
161.3,65.0
205.7,68.7
116.3,53.0
311.8,79.8
316.2,90.2
459.8,111.8
509.4,79.1
380.7,78.3
307.9,109.0
219.1,91.4
374.2,92.8
219.1,67.9
313.4,64.1
221.3,84.2
275.3,88.3
249.4,96.9
173.9,67.1
213.5,86.3
226.4,85.5
253.0,64.6
369.5,71.1
232.2,63.0
343.1,78.0
293.1,66.6
444.9,92.1
257.0,94.0
308.9,80.7
245.0,62.3
523.8,123.3
555.9,87.6
338.8,97.8
238.4,53.8
282.1,100.5
318.3,74.5
240.4,76.7
444.5,134.2
444.1,107.8
268.5,93.1
212.5,65.3
250.2,68.7
315.4,112.7
254.8,95.3
254.6,97.5
274.0,66.9
298.9,70.9
219.9,91.0
197.3,88.2
231.1,84.2
248.1,78.9
239.7,70.9
282.1,87.8
195.8,84.9
118.3,52.8
179.2,63.6
223.1,79.0
200.2,68.7
523.3,105.6
229.2,86.4
271.2,98.7
225.0,97.9
334.1,61.0
482.2,97.5
238.3,79.7
301.6,96.1
178.4,72.4
220.1,67.6
240.6,81.3
277.8,110.5
322.7,71.4
172.5,52.7
226.9,64.6
51.6,26.0
275.5,73.9
204.2,60.7
209.2,72.9
271.5,66.6
448.5,114.5
339.1,86.4
165.8,64.7
132.7,35.5
277.5,62.7
260.8,72.9
307.6,111.4
297.8,93.0
270.9,47.1
108.6,54.0
263.4,63.0
257.0,78.4
314.1,59.2
205.5,57.3
164.1,67.4
331.3,93.5
264.6,103.8
199.3,63.3
271.8,92.1
197.8,64.8
282.7,96.2
167.9,77.8
280.4,84.6
239.2,91.6
222.2,81.9
155.7,76.1
143.4,55.6
338.4,80.0
226.8,69.0
393.8,80.3
261.0,40.1
202.7,53.4
62.2,44.5
432.0,121.5
334.7,72.1
247.2,69.3
232.9,64.8
214.7,92.8
220.4,91.2
232.9,70.5
319.0,81.5
224.2,59.7
419.1,111.7
334.3,54.6
569.4,109.3
169.3,68.7
322.5,78.3
251.0,74.8
247.6,94.2
436.4,70.5
491.4,60.7
266.1,74.1
214.3,51.9
323.3,68.2
274.6,93.5
297.5,76.6
298.7,72.8
150.7,64.9
149.4,63.2
329.8,86.4
237.8,79.5
234.8,84.8
158.3,64.5
220.3,86.0
523.5,101.3
298.4,47.9
224.6,87.6
220.1,69.0
185.1,57.5
203.0,58.5
259.7,74.9
420.6,61.3
311.8,130.9
390.0,65.2
538.2,130.3
177.8,75.0
340.8,94.5
259.5,113.3
289.4,75.0
211.7,75.7
170.8,77.2
249.0,90.0
290.4,107.4
183.2,59.1
489.0,68.1
252.0,83.4
375.2,120.6
142.3,49.7
191.8,69.1
208.4,76.8
275.2,94.9
252.7,79.9
368.6,136.1
156.0,29.2
228.8,86.9
440.2,94.9
323.9,85.5
359.4,98.8
390.8,72.2
411.5,65.3
224.3,73.1
240.5,66.6
345.3,88.5
188.5,72.1
290.7,62.7
233.6,88.8
232.2,105.5
236.5,93.5
211.7,69.7
251.7,62.6
259.9,87.5
432.2,77.3
312.9,81.9
310.1,59.0
389.0,107.9
200.8,70.0
254.3,86.6
290.4,85.9
252.5,100.2
270.5,58.3
438.6,75.7
242.6,83.6
342.9,84.6
398.1,81.9
255.5,102.8
202.7,68.4
514.5,90.1
199.9,76.2
171.5,82.0
515.9,176.7
343.9,62.7
200.4,67.2
273.9,85.0
273.2,57.6
217.0,61.9
233.8,93.4
186.5,78.9
75.7,44.0
330.3,122.1
234.9,102.6
431.0,110.9
208.0,71.8
262.3,74.2
236.9,99.8
234.0,95.4
404.8,86.3
251.5,97.1
229.2,69.4
396.4,71.1
415.6,78.7
241.8,82.0
197.5,85.6
231.4,73.6
303.9,99.5
228.5,83.7
195.7,84.3
297.2,65.8
449.4,81.0
529.1,143.4
185.6,61.5
420.7,71.6
279.5,115.0
256.6,105.6
252.8,69.2
216.9,55.1
100.4,61.0
433.0,107.8
357.4,93.7
232.6,69.1
309.2,74.9
415.6,84.5
235.7,69.4
203.3,36.9
349.1,90.8
456.5,82.0
172.4,65.0
568.7,85.7
81.2,35.3
380.6,70.7
390.1,95.7
294.9,67.0
367.4,88.6
173.7,61.3
374.1,83.1
248.5,74.6
232.1,66.3
564.3,84.3
248.8,96.2
84.3,45.7
287.8,85.5
434.0,108.4
160.9,53.6
275.9,93.4
333.6,98.4
286.6,87.7
169.8,48.5
272.5,73.3
265.0,98.1
162.1,82.1
254.6,67.2
292.6,68.1
294.8,74.5
385.4,73.5
260.7,70.8
350.4,56.0
134.4,52.2
253.2,75.4
199.7,70.4
230.6,85.9
281.6,79.0
308.9,81.1
181.2,67.1
221.3,78.0
284.0,73.0
249.2,58.1
364.4,117.8
222.0,71.4
283.6,89.4
284.3,90.3
158.4,70.5
210.3,68.7
294.1,111.9
241.5,57.2
215.4,61.7
286.0,81.8
198.6,79.6
180.4,72.8
82.5,20.0
200.3,71.9
350.9,101.0
220.0,75.7
284.5,70.6
180.8,64.3
364.3,75.6
346.1,91.6
236.1,79.0
286.6,74.9
246.1,52.4
162.4,57.5
550.5,92.9
365.9,89.3
236.7,77.3
160.3,50.9
199.6,72.4
336.4,95.1
107.4,40.8
432.2,69.3
67.3,39.9
242.0,66.0
484.0,70.6
255.5,64.9
80.3,26.0
437.3,92.8
425.0,87.4
56.5,23.4
456.0,67.6
307.9,62.9
195.1,61.8
342.5,60.8
356.0,122.5
224.3,78.0
223.9,88.7
359.0,78.9
356.5,97.4
519.6,103.3
467.0,73.3
505.4,57.5
258.3,74.6
184.8,72.3
390.0,112.4
278.6,61.0
513.9,71.2
269.9,93.5
221.9,59.0
335.9,98.0
340.6,85.9
175.4,66.8
425.4,81.6
154.4,55.5
483.5,133.0
316.2,71.9
301.9,77.9
411.3,73.7
292.0,78.2
224.2,76.1
430.4,93.1
393.8,85.3
241.4,66.8
194.4,78.1
201.6,79.7
348.1,128.2
308.2,87.5
306.5,81.1
287.3,64.8
191.4,74.7
217.1,72.3
575.7,86.4
199.2,71.0
156.7,54.1
239.3,86.0
235.2,75.8
388.1,78.9
266.6,65.7
213.1,68.3
110.7,54.3
218.6,87.3
173.4,70.2
255.2,78.2
234.1,94.8
286.9,72.7
347.8,100.2
294.1,99.4
281.1,68.4
308.2,79.1
208.8,63.3
216.3,66.5
273.0,109.2
67.9,47.9
249.8,68.8
342.9,110.4
269.2,72.9
195.3,80.3
248.5,67.3
219.6,68.1
180.1,72.9
190.1,76.1
296.1,80.5
329.2,95.5
237.7,85.9
239.0,55.4
283.1,74.0
339.2,94.5
233.3,79.7
185.5,60.9
149.1,54.8
185.9,72.1
202.9,69.3
201.3,71.9
398.8,79.8
177.9,79.5
445.0,81.2
188.4,60.2
303.7,103.0
485.9,73.9
125.2,52.0
204.6,74.3
214.5,78.2
339.1,78.8
190.9,75.2
426.6,77.8
278.0,111.3
158.5,58.6
280.9,95.8
277.2,93.2
177.2,53.4
213.3,85.0
248.8,69.3
99.2,37.9
368.2,97.5
262.6,76.7
248.6,66.9
261.7,89.2
285.6,75.5
357.1,124.1
403.9,126.4
339.0,126.2
378.5,128.8
253.7,82.2
296.6,79.3
444.9,104.0
319.3,97.2
195.2,71.2
391.9,82.3
98.8,37.2
213.1,73.7
563.0,93.2
496.2,95.8
323.2,123.6
286.4,89.3
225.1,89.7
211.3,82.4
311.5,57.4
375.8,62.3
213.3,85.4
276.5,78.0
333.4,77.9
176.5,74.9
168.3,66.6
281.5,75.2
321.2,51.2
262.3,47.2
243.7,80.3
281.0,66.0
364.7,93.1
440.8,108.1
408.5,80.5
236.5,99.8
207.2,69.7
342.0,70.4
344.7,74.5
521.6,121.6
336.7,107.6
541.2,86.3
190.0,106.2
214.8,75.9
452.7,46.1
292.1,97.4
351.6,81.0
252.8,71.6
599.2,119.2
224.7,86.0
235.6,97.2
354.3,76.2
241.3,63.8
238.0,87.9
185.1,78.6
468.1,79.7
244.5,110.8
244.0,79.3
340.6,86.6
492.1,128.8
505.6,100.2
226.8,71.0
397.3,82.6
198.2,62.0
245.5,89.6
272.0,64.5
182.0,84.6
389.8,84.2
196.2,69.7
199.9,69.5
283.1,70.0
197.6,75.7
178.2,59.0
162.0,60.1
159.1,64.0
237.8,86.3
371.2,74.9
397.9,84.9
368.1,79.1
188.2,79.1
208.5,74.9
225.6,77.0
192.4,62.5
332.1,99.7
297.4,78.9
299.6,57.4
230.9,75.4
285.4,90.7
92.8,25.6
522.6,102.7
144.4,103.5
147.1,63.3
185.0,91.0
502.1,100.1
302.3,64.5
319.5,81.0
321.1,90.6
268.1,87.4
364.8,94.8
397.8,100.0
332.7,71.7
233.7,100.5
262.4,100.2
262.3,86.4
306.0,84.8
377.3,129.5
406.0,99.0
233.8,70.4
370.0,92.2
386.7,108.8
280.0,86.2
410.1,82.6
248.8,100.3
344.4,92.7
236.0,85.1
248.2,64.7
169.6,76.0
304.0,77.2
348.7,82.8
427.0,85.6
439.3,108.9
564.7,144.2
504.5,87.6
315.6,92.7
279.5,96.8
247.1,74.0
322.4,84.7
181.6,69.8
242.3,70.6
244.4,86.7
253.2,83.1
381.3,76.2
436.4,86.7
235.1,91.5
375.0,56.7
452.4,86.1
512.4,79.4
488.7,51.0
396.2,69.6
257.5,82.5
247.4,78.2
319.8,49.0
136.7,59.2
297.3,76.3
281.8,87.8
281.6,85.7
392.6,75.7
193.7,93.9
496.0,74.5
192.4,69.8
206.3,68.3
113.9,37.8
359.8,71.0
292.4,75.6
354.4,52.5
261.7,51.9
182.5,67.9
211.4,63.4
196.0,51.3
239.3,67.0
215.8,63.2
238.3,85.5
155.6,60.2
336.7,96.0
460.1,84.8
379.6,100.6
379.8,58.5
238.2,64.6
198.8,61.0
171.4,62.6
309.6,58.6
297.2,91.8
238.5,66.1
254.7,72.7
490.7,107.6
588.8,60.8
226.1,97.4
270.4,74.5
311.1,93.6
266.0,109.4
480.2,71.6
167.9,72.9
295.9,57.3
313.2,61.9
316.1,55.7
187.6,62.4
294.3,68.7
173.7,67.1
292.8,64.4
274.2,79.8
193.9,56.3
305.5,81.2
261.8,80.4
252.0,75.8
82.5,25.0
275.3,80.4
377.6,76.1
465.1,96.8
511.7,79.6
557.3,81.0
81.9,25.2
497.4,73.3
550.5,85.4
391.7,106.8
406.4,89.5
337.0,73.7
517.7,127.4
271.7,83.2
253.8,72.7
370.7,63.9
270.5,117.4
585.8,97.9
325.3,134.0
291.5,121.9
322.1,57.8
486.7,87.6
315.3,68.1
321.7,139.3
279.4,81.2
347.1,76.5
268.9,87.4
330.4,59.1
392.6,69.6
264.3,78.1
399.3,78.2
255.7,128.7
233.9,81.8
272.6,132.8
180.6,70.4
213.3,80.8
188.1,77.5
172.0,61.4
371.8,73.7
279.9,64.5
194.3,83.7
187.8,78.8
232.2,79.1
437.2,85.3
322.8,74.6
374.2,71.1
476.8,79.1
382.1,99.0
226.7,51.7
325.3,78.6
292.0,61.5
222.5,63.3
233.1,60.6
296.2,77.5
417.1,84.8
414.5,85.2
226.8,83.3
221.8,61.9
382.5,76.8
310.4,78.4
549.5,99.9
288.7,62.7
371.0,150.8
389.3,80.5
240.7,78.2
258.4,81.7
197.1,68.2
250.3,78.3
300.1,100.6
273.7,86.7
544.7,90.7
591.8,99.4
486.7,89.3
315.1,85.7
338.3,93.0
261.9,101.7
240.8,89.0
318.8,86.8
350.6,60.0
595.7,82.0
271.6,73.2
262.7,57.7
376.1,71.0
230.2,52.7
176.1,65.9
202.5,72.8
535.3,62.1
501.9,60.7
236.0,71.0
366.6,105.8
382.2,74.3
282.9,83.9
296.9,119.8
312.9,63.2
387.4,81.7
572.3,78.7
449.8,39.3
493.6,80.6
183.2,61.0
230.7,62.8
58.8,50.3
186.5,70.8
584.9,76.8
470.0,75.0
501.9,97.9
378.3,78.1
509.1,71.5
230.5,96.3
369.3,82.7
375.4,42.0
279.1,83.3
473.1,66.3
268.6,53.4
107.3,54.3
188.1,66.7
122.1,57.0
139.3,64.7
230.7,71.6
69.5,64.6
152.0,69.2
253.6,54.4
510.9,68.8
349.7,101.1
585.5,106.2
591.4,121.8
254.5,100.1
599.8,118.4
330.6,75.3
468.1,95.3
235.1,100.9
316.9,125.2
510.6,73.6
465.8,122.5
405.5,147.7
346.3,88.5
572.0,140.0
222.4,73.5
253.8,85.7
463.9,92.1
301.0,84.6
521.8,80.0
177.3,69.7
154.5,62.2
178.2,58.8
124.8,49.2
596.0,182.7
396.4,112.8
231.9,66.7
458.5,105.8
553.9,133.4
277.6,86.7
270.7,78.5
227.0,73.7
359.6,95.7
440.1,101.5
354.1,96.4
225.3,69.4
212.3,75.6
217.9,84.0
248.7,74.0
288.2,76.2
316.0,83.3
276.7,79.9
274.7,145.1
563.1,111.9
465.8,145.1
433.9,95.6
352.2,80.3
421.0,132.2
268.0,90.3
258.8,70.7
205.5,66.6
233.5,85.6
114.0,81.3
320.0,98.1
284.3,85.5
402.0,70.2
403.1,121.0
272.7,91.1
290.6,97.1
272.1,85.8
421.3,97.8
235.7,88.6
202.1,85.2
63.7,31.2
325.2,77.9
196.1,61.6
203.2,59.4
415.7,81.7
130.9,68.7
180.0,79.6
368.7,103.2
334.6,82.1
159.7,28.1
99.8,10.6
306.7,48.9
190.4,77.2
372.6,126.1
201.7,99.5
225.0,80.3
472.5,105.1
477.3,80.2
165.2,68.9
190.8,65.2
177.9,57.5
249.4,89.6
182.9,60.0
186.8,84.7
537.1,155.9
310.7,73.4
286.3,104.3
279.9,90.3
209.9,105.5
355.8,52.0
169.0,73.2
558.3,126.4
219.5,89.2
583.2,96.4
266.0,85.5
336.1,81.9
312.0,63.6
358.4,83.5
329.4,77.1
243.0,96.1
293.5,92.0
281.6,87.2
459.9,84.1
275.3,105.9
498.6,128.1
322.5,100.8
400.2,88.1
553.2,87.6
405.8,133.7
294.5,103.7
111.2,61.8
325.1,74.7
312.8,96.5
343.7,76.6
357.8,90.5
346.1,84.8
250.1,76.8
554.6,148.8
211.2,89.3
300.6,66.3
194.9,57.9
397.6,85.5
298.3,110.9
514.0,71.4
488.7,91.9
499.4,91.7
236.5,76.2
165.3,32.0
424.6,67.2
66.1,28.3
328.3,90.4
416.8,65.2
264.5,53.4
64.5,66.1
303.3,65.9
166.0,67.4
230.2,77.3
431.6,68.7
304.4,68.6
281.5,62.9
435.0,69.3
390.5,64.2
404.1,85.0
405.8,116.5
207.9,75.3
376.3,70.5
227.0,75.0
179.3,59.7
326.5,122.7
242.9,77.7
177.2,62.5
303.0,100.3
235.5,87.5
249.8,81.0
243.1,69.6
152.2,70.1
369.0,119.7
563.1,86.4
342.6,71.2
543.5,101.4
322.9,59.1
186.0,81.0
309.2,94.7
166.3,64.4
431.5,73.6
289.7,61.3
230.7,74.7
399.0,92.6
469.1,68.9
514.5,101.1
387.2,88.7
406.7,81.5
284.8,57.1
403.8,79.5
281.8,75.0
267.6,71.4
281.1,76.4
282.1,75.0
264.0,69.6
253.6,68.7
595.2,75.2
193.6,75.5
117.7,50.2
486.6,153.5
244.0,95.6
416.4,87.6
373.4,75.4
285.9,80.7
245.1,60.4
268.3,91.4
265.1,73.2
580.4,95.4
404.3,85.1
214.9,79.9
455.1,73.2
185.7,67.4
344.5,76.1
548.1,104.4
322.8,66.3
211.7,65.0
417.7,76.0
471.3,175.5
521.6,99.4
349.5,81.1
391.1,98.2
318.7,76.6
195.9,69.0
272.4,92.6
281.4,58.9
189.5,61.3
383.8,88.9
214.8,63.0
397.0,100.5
257.2,72.4
499.3,99.3
337.6,103.0
284.6,90.3
211.3,56.2
484.4,120.4
417.7,141.1
345.5,95.5
301.0,82.4
376.4,100.0
473.0,140.1
536.5,113.3
300.1,110.4
332.0,75.4
421.4,65.4
282.0,98.8
290.0,88.3
457.0,84.4
159.3,78.5
324.7,65.5
200.3,64.1
295.5,70.1
379.7,81.1
267.3,115.6
274.9,103.9
511.1,85.8
259.4,98.6
423.2,120.6
421.9,126.4
197.7,62.9
178.3,68.7
222.1,71.3
305.1,125.5
305.1,94.6
165.2,59.8
168.6,63.6
226.9,105.8
413.7,143.4
333.4,98.3
356.7,98.0
342.2,114.3
309.8,68.0
305.1,93.3
397.6,90.9
305.1,93.3
373.0,101.2
542.4,101.9
199.3,84.8
328.0,115.0
430.9,93.3
183.8,74.9
304.9,60.8
347.4,66.6
160.9,58.2
326.7,97.2
312.5,92.7
287.6,69.7
287.6,57.1
435.2,74.0
540.0,105.7
411.3,76.1
416.8,50.9
453.0,100.7
422.4,79.4
365.6,101.0
177.2,74.1
151.8,64.5
327.0,70.1
350.7,85.5
407.9,76.6
328.6,90.1
336.6,125.3
137.4,52.9
221.5,81.0
348.4,83.4
251.0,82.3
232.5,46.1
364.3,86.1
308.1,84.0
223.4,93.0
92.1,46.2
338.9,86.9
78.8,24.9
319.9,99.9
439.2,128.2
308.6,105.5
311.8,106.5
318.3,111.1
334.4,114.4
303.9,92.5
458.4,94.3
455.4,134.0
376.2,144.0
478.8,99.2
258.9,77.3
396.9,87.1
478.2,108.9
335.6,95.3
394.8,94.6
351.9,89.2
474.6,57.0
328.0,62.3
221.6,43.6
324.3,66.7
393.7,80.8
286.3,84.0
546.5,96.6
371.0,131.0
359.3,106.0
286.6,92.0
282.1,93.0
248.7,101.7
308.4,91.7
328.1,59.2
392.2,84.1
580.5,80.9
317.6,72.2
459.2,129.0
468.2,94.3
361.2,69.3
565.3,122.8
111.3,50.0
258.7,69.4
382.3,48.2
482.0,118.8
423.1,121.6
495.9,87.6
359.1,103.2
562.2,82.8
403.0,93.9
289.3,80.8
287.4,104.2
399.1,71.4
212.8,88.1
304.5,66.4
302.5,79.2
185.9,49.8
286.3,87.4
211.0,71.3
338.5,95.5
434.7,111.2
382.2,88.5
340.7,119.8
193.2,63.7
452.8,96.2
324.0,90.2
304.1,71.3
403.2,127.6
418.4,93.6
446.0,95.0
74.5,33.9
358.7,85.7
388.2,107.1
87.1,28.6
297.8,102.9
442.6,83.5
321.0,92.9
434.7,40.4
328.4,90.1
336.7,80.9
147.9,45.9
334.0,99.5
540.4,85.1
82.0,22.7
191.4,69.9
366.2,75.7
410.2,83.6
468.0,70.5
306.9,105.8
481.5,84.0
308.3,71.1
120.7,32.0
572.8,84.2
288.3,103.9
393.7,72.6
349.7,91.5
306.4,91.1
420.8,113.5
375.2,69.0
337.5,69.2
582.7,57.9
506.0,83.4
180.3,58.5
462.1,106.8
286.9,93.0
483.4,86.1
533.5,79.6
490.3,107.3
158.0,35.5
210.2,80.5
503.8,97.9
246.8,79.5
431.0,57.4
574.8,102.6
460.4,69.2
362.8,68.2
407.4,76.7
518.3,97.2
458.2,80.4
496.5,83.6
406.3,80.6
281.2,85.3
227.2,78.7
594.2,52.0
432.0,62.2
464.8,77.5
490.3,86.1
347.6,63.1
327.3,86.7
513.4,97.2
233.0,82.9
534.1,67.0
440.4,73.5
518.7,89.9
528.5,66.2
343.3,76.4
570.5,69.2
306.6,92.1
153.0,42.6
430.5,73.2
347.1,83.3
301.5,95.4
485.4,73.3
478.4,55.8
557.5,77.1
342.4,92.2
400.3,65.9
307.4,113.2
250.8,69.1
320.8,88.4
408.9,55.8
406.0,112.0
479.1,85.2
463.4,75.1
564.0,69.6
292.4,73.5
355.7,69.5
527.9,60.1
400.4,78.7
582.9,58.8
276.4,67.7
83.0,24.8
319.3,99.8
436.2,95.6
413.2,92.4
481.8,73.3
235.6,74.5
331.2,67.0
522.3,75.6
593.9,56.6
261.4,81.5
547.9,64.9
507.3,84.1
232.7,71.1
201.7,65.3
219.2,68.4
301.1,87.3
379.3,90.5
262.5,80.9
233.7,51.1
589.7,120.7
203.4,61.3
269.7,80.4
238.8,86.0
193.9,72.6
250.8,75.3
362.0,71.0
256.0,50.1
305.4,87.4
431.5,58.7
344.3,69.6
332.9,76.5
589.1,64.3
353.7,61.2
193.5,81.5
210.4,60.5
242.9,79.6
375.2,79.7
372.5,74.5
463.9,81.6
564.4,118.6
378.7,62.1
201.9,65.4
190.8,64.3
216.9,69.4
573.1,108.0
306.8,83.0
564.1,102.3
244.5,89.8
543.6,79.8
382.9,101.8
538.3,83.2
173.6,75.2
396.2,91.3
336.2,80.2
333.9,67.1
183.1,58.8
149.1,46.9
352.2,52.3
231.3,93.3
264.0,113.9
273.7,58.2
581.1,124.4
370.2,64.8
245.2,80.8
316.5,105.1
527.3,130.8
129.3,45.7
206.9,89.1
183.8,69.5
340.5,83.2
238.9,100.6
182.6,52.6
405.7,141.9
417.2,73.9
290.7,96.4
372.9,75.5
359.3,70.5
307.4,64.3
209.0,82.0
276.0,88.9
309.6,105.6
230.7,62.9
256.0,65.7
248.2,81.3
226.0,77.7
261.1,67.8
550.3,75.7
556.1,74.7
458.2,108.4
523.0,88.9
184.0,52.3
480.6,91.5
513.2,67.4
319.5,107.3
450.9,69.0
192.2,69.4
404.6,83.2
272.8,94.7
383.6,105.3
367.8,102.7
290.8,83.2
288.1,91.7
199.4,69.3
359.0,105.3
183.7,61.9
325.4,68.1
374.8,78.4
479.3,79.0
259.6,81.6
317.4,114.8
77.4,40.8
212.6,83.9
252.9,81.9
303.9,80.5
592.2,81.7
449.5,82.1
561.4,67.5
178.2,78.3
325.5,77.9
419.4,113.1
387.3,78.6
194.7,62.8
207.3,83.7
222.9,83.0
163.9,73.9
306.5,77.6
453.6,100.3
372.0,69.9
256.9,67.5
441.6,87.7
281.4,75.4
487.3,83.9
259.9,75.8
393.1,105.1
462.4,90.3
399.4,96.0
592.4,112.2
204.6,58.0
318.9,53.3
282.8,108.8
320.5,72.7
512.8,77.0
213.4,83.2
339.9,95.0
282.1,84.4
199.1,64.9
285.5,64.9
452.8,67.4
456.1,59.6
348.0,78.0
303.2,108.7
432.2,108.6
118.4,46.6
150.7,68.3
415.4,42.6
174.4,80.2
227.7,66.7
340.8,86.8
265.5,104.0
487.5,141.3
270.9,88.4
395.4,81.5
454.9,84.0
404.5,106.2
339.7,46.8
342.9,64.6
252.2,56.5
235.5,55.5
262.0,49.0
394.3,89.1
283.9,75.3
214.5,44.7
548.9,116.2
245.7,70.7
394.6,88.4
395.6,95.4
516.7,82.0
209.7,74.1
206.0,72.3
286.8,85.9
203.3,65.7
254.4,103.6
297.6,67.8
294.4,77.2
538.0,78.8
234.5,70.9
275.5,78.4
127.1,44.4
310.6,56.8
477.4,70.8
278.5,63.2
388.1,81.6
205.8,68.6
263.0,64.2
324.9,54.3
246.0,71.3
246.5,92.7
289.9,53.0
283.7,94.0
208.4,68.7
321.8,69.4
81.6,37.9
531.3,83.2
244.8,74.6
252.4,89.4
269.2,88.8
214.7,79.9
341.0,78.9
222.6,88.6
216.0,84.4
317.6,106.1
211.6,67.9
500.7,115.0
348.8,129.3
185.6,68.9
389.1,85.8
399.8,74.1
379.0,73.8
336.3,69.8
411.7,147.9
357.5,85.9
182.4,74.5
227.4,75.0
394.8,59.6
426.0,87.2
167.8,53.1
388.6,80.8
432.5,101.1
442.8,67.7
337.0,102.0
337.0,100.5
286.2,105.4
341.0,70.2
318.9,63.6
172.1,69.3
563.1,67.0
326.2,58.4
74.3,34.6
170.2,70.2
318.5,104.0
446.9,58.6
449.8,59.9
490.9,63.6
348.4,83.3
417.2,79.2
464.2,190.6
431.3,49.5
227.4,115.5
185.9,106.7
407.7,59.3
421.6,125.9
246.0,100.6
510.7,137.5
219.3,56.5
187.9,89.7
213.9,84.3
240.9,80.6
328.7,87.7
377.5,82.0
234.3,96.1
505.2,71.9
176.3,82.4
593.7,76.5
110.8,29.3
338.0,89.4
312.1,111.5
351.1,95.1
507.6,87.3
294.0,70.2
219.2,86.6
424.4,105.4
303.7,97.7
396.7,85.2
179.8,38.2
417.6,87.2
178.5,78.8
399.6,76.6
438.7,88.8
297.9,98.6
368.2,59.0
489.6,93.6
261.5,91.7
336.9,75.0
322.2,101.1
306.9,112.1
187.0,95.9
473.9,91.7
520.1,59.4
332.4,76.9
303.0,85.3
353.0,100.1
249.3,88.7
129.5,61.1
513.2,107.1
248.2,61.8
416.1,98.1
343.4,80.3
374.5,140.5
94.1,29.9
287.6,92.5
98.9,37.9
438.9,63.4
286.6,76.8
479.1,90.6
447.6,76.9
252.8,73.0
259.3,97.9
175.0,75.0
539.5,77.9
245.8,89.8
205.6,87.8
267.2,141.0
310.7,79.8
542.6,161.3
329.5,55.6
192.2,74.9
216.6,72.7
232.9,85.2
577.2,81.6
308.0,76.4
172.8,61.9
478.3,127.7
371.0,101.0
363.9,102.9
296.7,88.4
484.0,122.4
192.0,47.3
245.0,59.3
558.8,108.2
522.3,102.8
340.7,98.8
186.9,85.0
181.3,69.8
468.8,88.9
496.6,105.1
389.6,124.3
499.0,100.6
261.3,67.7
337.5,38.0
276.0,43.9
537.5,110.0
421.7,105.3
507.5,99.6
243.4,82.9
382.4,88.9
181.5,47.6
547.1,76.8
541.6,70.1
324.8,92.0
450.3,83.7
353.9,89.4
328.1,99.4
363.5,103.3
590.0,109.6
172.6,74.9
391.5,146.7
309.4,75.7
397.8,100.7
383.8,88.9
410.5,121.4
318.4,94.8
103.9,45.5
111.8,51.1
430.1,72.2
337.4,72.0
169.5,87.8
276.8,67.9
353.1,103.9
440.4,115.3
289.0,105.6
517.1,98.4
232.4,66.4
219.1,59.6
321.9,63.4
458.7,129.5
333.0,53.5
84.5,9.5
280.8,27.1
249.1,24.2
53.1,6.6
81.4,9.1
71.3,6.5
453.4,116.6
312.1,73.0
96.6,24.0
347.4,75.4
467.9,70.7
471.5,71.7
525.3,95.3
164.0,27.1
519.5,74.3
397.1,62.0
448.1,92.8
400.9,85.5
362.4,78.0
345.5,71.9
468.3,95.1
110.7,108.6
107.7,96.1
123.4,111.9
467.9,85.4
523.6,55.5
381.8,49.1
507.8,81.6
110.6,90.5
397.6,96.9
312.0,98.0
516.6,39.7
543.8,104.7
70.5,28.4
524.2,75.4
333.3,72.2
297.0,62.6
386.2,136.2
112.2,38.9
454.0,101.8
238.9,163.9
240.2,101.4
124.5,54.4
251.5,48.9
475.8,55.8
53.2,100.2
82.9,66.5
450.9,72.7
57.2,116.2
537.5,68.2
369.6,78.9
541.7,78.5
184.0,44.3
203.4,70.4
248.6,80.0
534.1,99.4
418.1,38.9
323.8,24.2
322.4,133.1
258.6,110.8
342.2,119.8
389.0,70.9
455.2,149.8
591.9,180.8
546.7,134.6
562.8,145.5
221.5,86.9
417.2,95.1
221.5,81.4
252.5,45.5
203.9,70.2
237.5,62.4
440.1,90.9
209.8,57.9
239.7,80.6
337.4,62.7
215.5,68.6
414.5,91.5
216.6,70.3
217.8,61.6
204.9,80.6
269.0,63.9
218.6,91.7
312.7,105.1
235.3,82.0
304.8,82.0
155.6,78.2
408.8,75.5
583.3,88.5
306.5,72.0
428.2,100.2
254.4,95.1
462.0,137.7
369.3,78.3
232.1,87.6
436.0,88.0
394.6,93.5
289.7,82.7
283.3,77.9
467.2,75.9
253.2,80.1
259.7,81.8
270.9,84.9
257.2,84.8
113.0,49.0
378.4,77.5
269.4,75.6
162.8,57.1
421.9,133.3
461.1,86.9
418.8,105.4
385.9,124.8
440.9,122.3
91.9,20.8
564.4,96.6
497.8,100.4
160.1,73.0
386.3,144.9
280.3,104.1
231.4,79.5
226.0,85.3
268.0,101.5
389.1,89.6
246.1,81.5
530.6,105.3
427.6,72.6
383.9,134.3
266.1,98.5
191.5,85.9
599.8,103.1
510.5,99.7
472.6,187.0
324.9,77.3
559.3,88.4
291.4,117.4
217.2,43.9
440.4,145.3
392.2,103.1
348.0,84.4
359.9,96.9
514.0,74.8
374.6,72.7
238.2,64.9
184.0,44.5
542.5,79.6
555.5,83.3
535.4,79.9
599.9,134.5
307.5,99.8
77.8,22.9
268.4,93.7
300.4,105.7
383.6,109.7
257.3,93.7
231.2,104.1
275.1,86.7
411.6,81.5
463.7,91.0
333.7,74.3
178.4,36.6
296.3,92.2
167.4,69.7
225.0,71.3
352.6,126.2
408.5,118.0
359.8,97.4
254.3,65.6
366.4,74.4
300.8,65.8
498.8,71.1
577.7,90.5
332.8,87.1
278.5,103.9
391.4,71.1
142.2,61.3
198.9,91.4
294.0,71.4
396.2,56.2
244.1,72.8
365.3,84.3
336.8,88.4
171.6,72.7
310.8,101.7
417.9,71.8
241.2,85.1
194.2,86.0
112.5,76.3
306.7,105.9
334.3,79.5
292.9,95.6
590.9,97.2
136.1,37.3
90.4,46.1
288.6,86.7
308.0,81.7
151.6,50.3
344.6,116.4
535.1,98.0
525.1,61.2
516.1,72.7
352.8,97.2
203.9,85.8
394.3,130.8
243.3,69.3
143.9,43.2
464.6,107.4
564.3,60.4
195.6,70.0
251.5,102.3
343.3,114.5
426.9,154.8
418.9,197.1
427.4,107.5
294.7,48.7
277.2,68.2
227.8,75.4
236.7,73.0
248.4,93.4
314.6,87.0
274.2,74.6
577.2,103.9
546.8,135.7
247.0,81.7
382.5,69.6
422.4,55.6
405.0,92.8
261.1,51.7
56.2,26.1
328.9,37.1
181.9,68.6
232.5,100.1
139.7,75.5
570.3,115.5
332.5,91.1
318.2,100.4
254.9,88.4
391.1,99.6
357.2,70.5
512.5,70.5
217.1,51.5
404.5,155.1
248.3,81.4
230.7,93.3
348.8,90.6
237.2,132.1
197.4,87.9
139.9,12.3
251.3,83.2
415.4,85.7
253.5,75.0
238.3,76.0
171.0,48.9
268.7,73.7
159.2,13.9
450.7,70.1
254.7,61.7
199.5,55.6
447.9,96.2
293.3,128.8
329.3,98.7
434.5,80.7
374.8,110.8
404.1,129.5
439.8,66.8
302.5,91.1
385.4,81.4
309.8,88.7
213.0,91.2
312.3,85.1
200.3,88.0
590.1,93.1
313.2,96.6
322.5,98.0
321.4,98.8
113.5,27.3
87.0,52.8
132.3,132.5
181.5,82.6
230.0,76.5
130.0,104.6
220.7,95.7
315.0,78.1
195.4,77.6
164.4,73.6
491.0,83.4
375.4,77.1
60.5,51.9
227.8,95.4
170.8,56.0
365.3,59.7
247.2,87.3
240.1,29.1
399.3,63.9
424.2,66.7
116.9,20.8
290.8,47.2
560.4,95.2
582.1,97.8
